"uuid","url","redirect","username"
"23fb1ab2-c272-48b1-abc0-d47b4037b933","http://repo.nypl.org/fedora/objects/uuid:8abee0eb-5c5d-bba0-e040-e00a18065f0b/datastreams/REFERENCE_THUMBNAIL/content",0,NULL
"0e1776ed-d6b1-47cb-802e-d868797505ec","http://repo.nypl.org/fedora/objects/uuid:8abee0eb-5c5d-bba0-e040-e00a18065f0b/datastreams/WIDE_THUMBNAIL/content",0,NULL
"ebdffe7a-1b35-4f0b-9844-0ba7656c187b","http://repo.nypl.org/fedora/objects/uuid:8abee0eb-5c5d-bba0-e040-e00a18065f0b/datastreams/THUMBNAIL/content",0,NULL
"d3e5b196-3962-4182-84cf-0721fcf92cf4","http://repo.nypl.org/fedora/objects/uuid:8abee0eb-5c5c-bba0-e040-e00a18065f0b/datastreams/REFERENCE_THUMBNAIL/content",0,NULL
"b9a491e0-8fcc-485e-8480-fd9ab07e5b49","http://repo.nypl.org/fedora/objects/uuid:8abee0eb-5c5c-bba0-e040-e00a18065f0b/datastreams/WIDE_THUMBNAIL/content",0,NULL
"228150eb-67b2-4b3d-b9a2-7e486ba2da7e","http://repo.nypl.org/fedora/objects/uuid:8abee0eb-5c5c-bba0-e040-e00a18065f0b/datastreams/THUMBNAIL/content",0,NULL
"24707d21-cbd6-485f-9811-f9b97cc4cc8b","http://repo.nypl.org/fedora/objects/uuid:8abee0eb-5c5b-bba0-e040-e00a18065f0b/datastreams/REFERENCE_THUMBNAIL/content",0,NULL
"f898ea47-2998-4290-9a8f-8b757139f351","http://repo.nypl.org/fedora/objects/uuid:8abee0eb-5c5b-bba0-e040-e00a18065f0b/datastreams/THUMBNAIL/content",0,NULL
"42f1bbe1-56b3-4116-b8d7-155676aa7fc6","http://repo.nypl.org/fedora/objects/uuid:8abee0eb-5c5b-bba0-e040-e00a18065f0b/datastreams/WIDE_THUMBNAIL/content",0,NULL
"5181f247-cc7f-4329-82f2-507ae6b80b95","http://repo.nypl.org/fedora/objects/uuid:8abee0eb-5c5a-bba0-e040-e00a18065f0b/datastreams/REFERENCE_THUMBNAIL/content",0,NULL
"afee55a2-d196-4db5-9ec8-f8289025785c","http://repo.nypl.org/fedora/objects/uuid:8abee0eb-5c5a-bba0-e040-e00a18065f0b/datastreams/WIDE_THUMBNAIL/content",0,NULL
"9dd4b5c9-3093-49fe-96bb-f6a7ca201b52","http://repo.nypl.org/fedora/objects/uuid:8abee0eb-5c5a-bba0-e040-e00a18065f0b/datastreams/THUMBNAIL/content",0,NULL
"6cd4cbe4-df16-4d2a-9709-818b29522d6e","http://repo.nypl.org/fedora/objects/uuid:8abee0eb-5c59-bba0-e040-e00a18065f0b/datastreams/REFERENCE_THUMBNAIL/content",0,NULL
"9d2c9ea0-e781-40de-9d29-53471a690b54","http://repo.nypl.org/fedora/objects/uuid:8abee0eb-5c59-bba0-e040-e00a18065f0b/datastreams/WIDE_THUMBNAIL/content",0,NULL
"b33580f9-418b-413c-8a13-453f6cb8c403","http://repo.nypl.org/fedora/objects/uuid:8abee0eb-5c59-bba0-e040-e00a18065f0b/datastreams/THUMBNAIL/content",0,NULL
"cae010dd-8d0b-4f84-a75f-66e07f96ec89","http://repo.nypl.org/fedora/objects/uuid:8abee0eb-5c58-bba0-e040-e00a18065f0b/datastreams/REFERENCE_THUMBNAIL/content",0,NULL
"94801322-4535-4a28-a2b6-5ed167dc05e3","http://repo.nypl.org/fedora/objects/uuid:8abee0eb-5c58-bba0-e040-e00a18065f0b/datastreams/THUMBNAIL/content",0,NULL
"4165c4d4-db90-49ac-a5c4-b01fa9e6a61e","http://repo.nypl.org/fedora/objects/uuid:8abee0eb-5c58-bba0-e040-e00a18065f0b/datastreams/WIDE_THUMBNAIL/content",0,NULL
"2a3c1ccc-e98b-494e-862c-3f44449f50db","http://repo.nypl.org/fedora/objects/uuid:8abee0eb-5c57-bba0-e040-e00a18065f0b/datastreams/REFERENCE_THUMBNAIL/content",0,NULL
"73c0481f-b52e-4eb2-82b9-72be0b4ecb8a","http://repo.nypl.org/fedora/objects/uuid:8abee0eb-5c57-bba0-e040-e00a18065f0b/datastreams/WIDE_THUMBNAIL/content",0,NULL
"0501eda9-6731-46e7-88e1-2817a8b24106","http://repo.nypl.org/fedora/objects/uuid:8abee0eb-5c57-bba0-e040-e00a18065f0b/datastreams/THUMBNAIL/content",0,NULL
"119f19c6-829c-4930-9641-fe9fbcbd6a36","http://repo.nypl.org/fedora/objects/uuid:8abee0eb-5c56-bba0-e040-e00a18065f0b/datastreams/REFERENCE_THUMBNAIL/content",0,NULL
"4a785acd-25c8-4227-a4d6-142876304402","http://repo.nypl.org/fedora/objects/uuid:8abee0eb-5c56-bba0-e040-e00a18065f0b/datastreams/THUMBNAIL/content",0,NULL
"665e1555-fe07-4d50-b2ba-8b442d8153aa","http://repo.nypl.org/fedora/objects/uuid:8abee0eb-5c56-bba0-e040-e00a18065f0b/datastreams/WIDE_THUMBNAIL/content",0,NULL
"4d00f056-52a4-43c6-9a0f-bb8fffe4b484","http://repo.nypl.org/fedora/objects/uuid:8abee0eb-5c55-bba0-e040-e00a18065f0b/datastreams/REFERENCE_THUMBNAIL/content",0,NULL
"40238974-4666-4017-89f5-4e624d2ace31","http://repo.nypl.org/fedora/objects/uuid:8abee0eb-5c55-bba0-e040-e00a18065f0b/datastreams/WIDE_THUMBNAIL/content",0,NULL
"4105ebd7-b0d3-4fd6-a115-4d2f73ff9342","http://repo.nypl.org/fedora/objects/uuid:8abee0eb-5c55-bba0-e040-e00a18065f0b/datastreams/THUMBNAIL/content",0,NULL
"a144f40e-98e2-4b55-b597-792b3f2e3f79","http://repo.nypl.org/fedora/objects/uuid:8abee0eb-5c54-bba0-e040-e00a18065f0b/datastreams/REFERENCE_THUMBNAIL/content",0,NULL
"32862dbb-09a6-4043-b7b9-0adca99b2464","http://repo.nypl.org/fedora/objects/uuid:8abee0eb-5c54-bba0-e040-e00a18065f0b/datastreams/WIDE_THUMBNAIL/content",0,NULL
"2842d429-fd1b-4d90-b7f8-cdaddadb01ba","http://repo.nypl.org/fedora/objects/uuid:8abee0eb-5c54-bba0-e040-e00a18065f0b/datastreams/THUMBNAIL/content",0,NULL
"49c07094-7c9c-47c4-bd1b-55d33c130e1d","http://repo.nypl.org/fedora/objects/uuid:8abee0eb-5c53-bba0-e040-e00a18065f0b/datastreams/REFERENCE_THUMBNAIL/content",0,NULL
"9601e213-2198-4359-9a61-d29af9a5c248","http://repo.nypl.org/fedora/objects/uuid:8abee0eb-5c53-bba0-e040-e00a18065f0b/datastreams/WIDE_THUMBNAIL/content",0,NULL
"00f45fc8-f555-43a7-8e72-94e59386b815","http://repo.nypl.org/fedora/objects/uuid:8abee0eb-5c53-bba0-e040-e00a18065f0b/datastreams/THUMBNAIL/content",0,NULL
"527b62da-41db-44bf-9d1c-684b757eb1cd","http://repo.nypl.org/fedora/objects/uuid:8abee0eb-5c52-bba0-e040-e00a18065f0b/datastreams/REFERENCE_THUMBNAIL/content",0,NULL
"8195455d-ac46-4759-95df-448827720a99","http://repo.nypl.org/fedora/objects/uuid:8abee0eb-5c52-bba0-e040-e00a18065f0b/datastreams/WIDE_THUMBNAIL/content",0,NULL
"34aaa69b-1e83-425e-96b9-6a8bdbb5ecc3","http://repo.nypl.org/fedora/objects/uuid:8abee0eb-5c52-bba0-e040-e00a18065f0b/datastreams/THUMBNAIL/content",0,NULL
"fa134125-3b41-4951-9185-5538e734be55","http://repo.nypl.org/fedora/objects/uuid:8abee0eb-5c51-bba0-e040-e00a18065f0b/datastreams/REFERENCE_THUMBNAIL/content",0,NULL
"ac4d8512-2d64-4a24-9ef9-9d3605119784","http://repo.nypl.org/fedora/objects/uuid:8abee0eb-5c51-bba0-e040-e00a18065f0b/datastreams/WIDE_THUMBNAIL/content",0,NULL
"c27e917a-7c77-4c21-860b-1c0833d14481","http://repo.nypl.org/fedora/objects/uuid:8abee0eb-5c51-bba0-e040-e00a18065f0b/datastreams/THUMBNAIL/content",0,NULL
"ba25ce6f-c90c-497d-90a3-7bb3ebb65198","http://repo.nypl.org/fedora/objects/uuid:8abee0eb-5c50-bba0-e040-e00a18065f0b/datastreams/REFERENCE_THUMBNAIL/content",0,NULL
"406a3295-7c40-48c1-9160-91f44ca7cf7c","http://repo.nypl.org/fedora/objects/uuid:8abee0eb-5c50-bba0-e040-e00a18065f0b/datastreams/WIDE_THUMBNAIL/content",0,NULL
"1c07600a-8ffc-483a-a989-fab03453d10a","http://repo.nypl.org/fedora/objects/uuid:8abee0eb-5c50-bba0-e040-e00a18065f0b/datastreams/THUMBNAIL/content",0,NULL
"520c4abd-1866-4243-9718-d4e683ac24de","http://repo.nypl.org/fedora/objects/uuid:8abee0eb-5c4f-bba0-e040-e00a18065f0b/datastreams/THUMBNAIL/content",0,NULL
"1903febe-0bc1-45fb-893c-0790dec30e4e","http://repo.nypl.org/fedora/objects/uuid:8abee0eb-5c4f-bba0-e040-e00a18065f0b/datastreams/REFERENCE_THUMBNAIL/content",0,NULL
"54694f42-2a42-4f29-ad08-ff8e15e1d237","http://repo.nypl.org/fedora/objects/uuid:8abee0eb-5c5e-bba0-e040-e00a18065f0b/datastreams/THUMBNAIL/content",0,NULL
"2e9b62ec-4d0e-4a6e-918b-38962efc8437","http://repo.nypl.org/fedora/objects/uuid:8abee0eb-5c5e-bba0-e040-e00a18065f0b/datastreams/WIDE_THUMBNAIL/content",0,NULL
"f788a8ad-69ee-4df3-98ba-803e91fda128","http://repo.nypl.org/fedora/objects/uuid:8abee0eb-5c5e-bba0-e040-e00a18065f0b/datastreams/REFERENCE_THUMBNAIL/content",0,NULL
"6d53d8e1-319e-4399-883b-2887a4a237dc","http://repo.nypl.org/fedora/objects/uuid:8abee0eb-5c5f-bba0-e040-e00a18065f0b/datastreams/THUMBNAIL/content",0,NULL
"eaafd8de-22a4-4223-8ee3-7d3ed2a76c5d","http://repo.nypl.org/fedora/objects/uuid:8abee0eb-5c5f-bba0-e040-e00a18065f0b/datastreams/WIDE_THUMBNAIL/content",0,NULL
"90189526-c892-481a-af3f-556a5eaed426","http://repo.nypl.org/fedora/objects/uuid:8abee0eb-5c5f-bba0-e040-e00a18065f0b/datastreams/REFERENCE_THUMBNAIL/content",0,NULL
"0af06599-cbc5-47b8-acd9-f1eebe7d735e","http://repo.nypl.org/fedora/objects/uuid:8abee0eb-5c60-bba0-e040-e00a18065f0b/datastreams/THUMBNAIL/content",0,NULL
"2183666b-9488-4587-bc49-d33f38409050","http://repo.nypl.org/fedora/objects/uuid:8abee0eb-5c60-bba0-e040-e00a18065f0b/datastreams/WIDE_THUMBNAIL/content",0,NULL
"415c8cfa-80dc-4bba-ae8b-c503316d4f48","http://repo.nypl.org/fedora/objects/uuid:8abee0eb-5c60-bba0-e040-e00a18065f0b/datastreams/REFERENCE_THUMBNAIL/content",0,NULL
"6d390557-d78e-4df2-9596-1587cbefbded","http://repo.nypl.org/fedora/objects/uuid:8abee0eb-5c61-bba0-e040-e00a18065f0b/datastreams/THUMBNAIL/content",0,NULL
"b7892a6a-9f50-457f-80b7-937078895f56","http://repo.nypl.org/fedora/objects/uuid:8abee0eb-5c61-bba0-e040-e00a18065f0b/datastreams/WIDE_THUMBNAIL/content",0,NULL
"e4758278-44d7-44dc-976c-5e05d6589d4c","http://repo.nypl.org/fedora/objects/uuid:8abee0eb-5c61-bba0-e040-e00a18065f0b/datastreams/REFERENCE_THUMBNAIL/content",0,NULL
"ecd4690a-291f-4715-8072-a13ed1756be5","http://repo.nypl.org/fedora/objects/uuid:8abee0eb-5c62-bba0-e040-e00a18065f0b/datastreams/THUMBNAIL/content",0,NULL
"0956ec36-8d4e-426c-b4aa-c22a286dc5bb","http://repo.nypl.org/fedora/objects/uuid:8abee0eb-5c62-bba0-e040-e00a18065f0b/datastreams/WIDE_THUMBNAIL/content",0,NULL
"c572b984-8403-457f-b557-96afe951c063","http://repo.nypl.org/fedora/objects/uuid:8abee0eb-5c62-bba0-e040-e00a18065f0b/datastreams/REFERENCE_THUMBNAIL/content",0,NULL
"c2ddc113-7008-4a37-a9a3-7256961f5e56","http://repo.nypl.org/fedora/objects/uuid:8abee0eb-5c63-bba0-e040-e00a18065f0b/datastreams/WIDE_THUMBNAIL/content",0,NULL
"96e63ff4-7aa2-4912-bb0f-1c65d254e594","http://repo.nypl.org/fedora/objects/uuid:8abee0eb-5c63-bba0-e040-e00a18065f0b/datastreams/THUMBNAIL/content",0,NULL
"6e001edc-9b08-4b1c-8d30-e6ee390ae5d6","http://repo.nypl.org/fedora/objects/uuid:8abee0eb-5c63-bba0-e040-e00a18065f0b/datastreams/REFERENCE_THUMBNAIL/content",0,NULL
"50a8185e-2c54-457f-9c56-3ade2cd9ee44","http://repo.nypl.org/fedora/objects/uuid:8abee0eb-5c64-bba0-e040-e00a18065f0b/datastreams/THUMBNAIL/content",0,NULL
"f7036bd4-fae5-4c2b-9902-35c9eba38a00","http://repo.nypl.org/fedora/objects/uuid:8abee0eb-5c64-bba0-e040-e00a18065f0b/datastreams/WIDE_THUMBNAIL/content",0,NULL
"acbfba8b-d2c0-40a1-9f0d-4f58aab73bad","http://repo.nypl.org/fedora/objects/uuid:8abee0eb-5c64-bba0-e040-e00a18065f0b/datastreams/REFERENCE_THUMBNAIL/content",0,NULL
"64db88da-28bf-4efd-b08d-873504392fe0","http://repo.nypl.org/fedora/objects/uuid:8abee0eb-5c65-bba0-e040-e00a18065f0b/datastreams/WIDE_THUMBNAIL/content",0,NULL
"c00ccd21-486b-4de1-b6cd-2850df82e3c4","http://repo.nypl.org/fedora/objects/uuid:8abee0eb-5c65-bba0-e040-e00a18065f0b/datastreams/THUMBNAIL/content",0,NULL
"b50ae897-5bb3-4e37-a2ca-b1d706bc2e4a","http://repo.nypl.org/fedora/objects/uuid:8abee0eb-5c65-bba0-e040-e00a18065f0b/datastreams/REFERENCE_THUMBNAIL/content",0,NULL
"ce818be3-ca72-4897-bc55-1f831bbf1e0f","http://repo.nypl.org/fedora/objects/uuid:8abee0eb-5c66-bba0-e040-e00a18065f0b/datastreams/THUMBNAIL/content",0,NULL
"63121dce-5b63-4048-8ad4-94f3aa9c6418","http://repo.nypl.org/fedora/objects/uuid:8abee0eb-5c66-bba0-e040-e00a18065f0b/datastreams/WIDE_THUMBNAIL/content",0,NULL
"87dde8b0-a897-49c0-8531-9e6b44fbb4e1","http://repo.nypl.org/fedora/objects/uuid:8abee0eb-5c66-bba0-e040-e00a18065f0b/datastreams/REFERENCE_THUMBNAIL/content",0,NULL
"ef65ddf1-9ddd-455b-9ebe-158624caabf7","http://repo.nypl.org/fedora/objects/uuid:8abee0eb-5c67-bba0-e040-e00a18065f0b/datastreams/THUMBNAIL/content",0,NULL
"c9c93384-a437-4393-b631-d1149783a5aa","http://repo.nypl.org/fedora/objects/uuid:8abee0eb-5c67-bba0-e040-e00a18065f0b/datastreams/WIDE_THUMBNAIL/content",0,NULL
"b3cd6c0e-2ab6-47cb-a992-6d3a4f09b224","http://repo.nypl.org/fedora/objects/uuid:8abee0eb-5c67-bba0-e040-e00a18065f0b/datastreams/REFERENCE_THUMBNAIL/content",0,NULL
"9bc103fe-2446-4f51-bcb0-dd35a2375131","http://repo.nypl.org/fedora/objects/uuid:8abee0eb-5c68-bba0-e040-e00a18065f0b/datastreams/WIDE_THUMBNAIL/content",0,NULL
"fd537501-d8d9-4574-82cc-a10feef9b44c","http://repo.nypl.org/fedora/objects/uuid:8abee0eb-5c68-bba0-e040-e00a18065f0b/datastreams/THUMBNAIL/content",0,NULL
"be5e6c51-9dba-460b-b34a-00375e8d867d","http://repo.nypl.org/fedora/objects/uuid:8abee0eb-5c68-bba0-e040-e00a18065f0b/datastreams/REFERENCE_THUMBNAIL/content",0,NULL
"f88ead69-3de8-480a-95af-0b8062b3784b","http://repo.nypl.org/fedora/objects/uuid:8abee0eb-5c69-bba0-e040-e00a18065f0b/datastreams/WIDE_THUMBNAIL/content",0,NULL
"4263d4f4-a2a3-4dd9-a3ea-b7f953436df7","http://repo.nypl.org/fedora/objects/uuid:8abee0eb-5c69-bba0-e040-e00a18065f0b/datastreams/THUMBNAIL/content",0,NULL
"b7362221-a675-42a4-8579-ade4856299c0","http://repo.nypl.org/fedora/objects/uuid:8abee0eb-5c69-bba0-e040-e00a18065f0b/datastreams/REFERENCE_THUMBNAIL/content",0,NULL
"17dd82a9-2050-4479-af1d-d4b7731dc3cc","http://repo.nypl.org/fedora/objects/uuid:8abee0eb-5c6a-bba0-e040-e00a18065f0b/datastreams/THUMBNAIL/content",0,NULL
"1e1cb171-2d03-421f-9a13-b497938c7375","http://repo.nypl.org/fedora/objects/uuid:8abee0eb-5c6a-bba0-e040-e00a18065f0b/datastreams/WIDE_THUMBNAIL/content",0,NULL
"834b8db7-9937-4697-8eac-55bd48ad2311","http://repo.nypl.org/fedora/objects/uuid:8abee0eb-5c6a-bba0-e040-e00a18065f0b/datastreams/REFERENCE_THUMBNAIL/content",0,NULL
"02fe581c-2aa0-4ac0-bec0-56a80f88d1cc","http://repo.nypl.org/fedora/objects/uuid:8abee0eb-5c6b-bba0-e040-e00a18065f0b/datastreams/THUMBNAIL/content",0,NULL
"5701a662-5d44-424a-ad0d-55e5f1dda9bf","http://repo.nypl.org/fedora/objects/uuid:8abee0eb-5c6b-bba0-e040-e00a18065f0b/datastreams/WIDE_THUMBNAIL/content",0,NULL
"399a9fdf-0ef7-44c6-b124-229b97be60d1","http://repo.nypl.org/fedora/objects/uuid:8abee0eb-5c6b-bba0-e040-e00a18065f0b/datastreams/REFERENCE_THUMBNAIL/content",0,NULL
"ef188924-912e-4df9-99ce-5459bdf553d5","http://repo.nypl.org/fedora/objects/uuid:8abee0eb-5c6c-bba0-e040-e00a18065f0b/datastreams/THUMBNAIL/content",0,NULL
"ad4e5892-885f-4d5a-813f-7a1e6a819f68","http://repo.nypl.org/fedora/objects/uuid:8abee0eb-5c6c-bba0-e040-e00a18065f0b/datastreams/WIDE_THUMBNAIL/content",0,NULL
"586217d5-a987-4f6c-aaf1-01ee3fbdffe9","http://repo.nypl.org/fedora/objects/uuid:8abee0eb-5c6c-bba0-e040-e00a18065f0b/datastreams/REFERENCE_THUMBNAIL/content",0,NULL
"25527074-15e5-484a-9957-996f919847eb","http://repo.nypl.org/fedora/objects/uuid:8abee0eb-5c6d-bba0-e040-e00a18065f0b/datastreams/THUMBNAIL/content",0,NULL
"d1a18629-da4c-4724-9d10-08666b9b18a2","http://repo.nypl.org/fedora/objects/uuid:8abee0eb-5c6d-bba0-e040-e00a18065f0b/datastreams/WIDE_THUMBNAIL/content",0,NULL
"0ab8b0f9-7cea-4321-9e30-ddbc8c369c82","http://repo.nypl.org/fedora/objects/uuid:8abee0eb-5c6d-bba0-e040-e00a18065f0b/datastreams/REFERENCE_THUMBNAIL/content",0,NULL
"50dced57-84f2-465c-8a33-97253349400b","http://repo.nypl.org/fedora/objects/uuid:8abee0eb-5c6e-bba0-e040-e00a18065f0b/datastreams/THUMBNAIL/content",0,NULL
"d665b5cc-f5cc-4889-b6eb-894443e0cd09","http://repo.nypl.org/fedora/objects/uuid:8abee0eb-5c6e-bba0-e040-e00a18065f0b/datastreams/WIDE_THUMBNAIL/content",0,NULL
"702d57bb-418e-4a29-b484-d7c7e16c8f29","http://repo.nypl.org/fedora/objects/uuid:8abee0eb-5c6e-bba0-e040-e00a18065f0b/datastreams/REFERENCE_THUMBNAIL/content",0,NULL
"1a424e18-15e4-4847-9be5-a5ee95111bcd","http://repo.nypl.org/fedora/objects/uuid:8abee0eb-5c6f-bba0-e040-e00a18065f0b/datastreams/THUMBNAIL/content",0,NULL
"76628ff9-bbcd-4bbe-8323-3790332b4377","http://repo.nypl.org/fedora/objects/uuid:8abee0eb-5c6f-bba0-e040-e00a18065f0b/datastreams/WIDE_THUMBNAIL/content",0,NULL
"07ea2676-80fb-41fc-a225-ac56027b21fe","http://repo.nypl.org/fedora/objects/uuid:8abee0eb-5c6f-bba0-e040-e00a18065f0b/datastreams/REFERENCE_THUMBNAIL/content",0,NULL
"c29437dc-6c1e-48b3-8779-05b7a5e66138","http://repo.nypl.org/fedora/objects/uuid:8abee0eb-5c70-bba0-e040-e00a18065f0b/datastreams/WIDE_THUMBNAIL/content",0,NULL
"6dd01e9e-9616-4e76-81b2-af77a9a568ce","http://repo.nypl.org/fedora/objects/uuid:8abee0eb-5c70-bba0-e040-e00a18065f0b/datastreams/THUMBNAIL/content",0,NULL
"b8c0cf90-fda5-464e-bf90-4057a6ea73d2","http://repo.nypl.org/fedora/objects/uuid:8abee0eb-5c70-bba0-e040-e00a18065f0b/datastreams/REFERENCE_THUMBNAIL/content",0,NULL
"fa7190fc-c66b-4d8c-af10-fdd4a23a6974","http://repo.nypl.org/fedora/objects/uuid:8abee0eb-5c71-bba0-e040-e00a18065f0b/datastreams/THUMBNAIL/content",0,NULL
"e8a73bf7-1a84-4795-bdc4-393352b18568","http://repo.nypl.org/fedora/objects/uuid:8abee0eb-5c71-bba0-e040-e00a18065f0b/datastreams/WIDE_THUMBNAIL/content",0,NULL
"d4786fdc-cb83-42d7-9eb6-6996d382ad60","http://repo.nypl.org/fedora/objects/uuid:8abee0eb-5c71-bba0-e040-e00a18065f0b/datastreams/REFERENCE_THUMBNAIL/content",0,NULL
"637a7c36-37f6-45b3-b222-00d3d4b32ed5","http://repo.nypl.org/fedora/objects/uuid:8abee0eb-5c72-bba0-e040-e00a18065f0b/datastreams/WIDE_THUMBNAIL/content",0,NULL
"140e820f-e518-4922-a8b3-8b12662b3bb2","http://repo.nypl.org/fedora/objects/uuid:8abee0eb-5c72-bba0-e040-e00a18065f0b/datastreams/THUMBNAIL/content",0,NULL
"1e6fce4a-3afb-4e92-8b5c-13f202ab48a1","http://repo.nypl.org/fedora/objects/uuid:8abee0eb-5c72-bba0-e040-e00a18065f0b/datastreams/REFERENCE_THUMBNAIL/content",0,NULL
"1c1f186f-b0da-4eaf-8de2-e00015e1c7e9","http://repo.nypl.org/fedora/objects/uuid:8abee0eb-5c73-bba0-e040-e00a18065f0b/datastreams/THUMBNAIL/content",0,NULL
"b20cbfcf-0aae-46d3-b9c9-7b554d0c62f8","http://repo.nypl.org/fedora/objects/uuid:8abee0eb-5c73-bba0-e040-e00a18065f0b/datastreams/WIDE_THUMBNAIL/content",0,NULL
"cc9e2e6f-67be-4889-be2e-a264c9dc5a82","http://repo.nypl.org/fedora/objects/uuid:8abee0eb-5c73-bba0-e040-e00a18065f0b/datastreams/REFERENCE_THUMBNAIL/content",0,NULL
"cf3c8071-990a-49b0-ae2d-32259232f461","http://repo.nypl.org/fedora/objects/uuid:8abee0eb-5c74-bba0-e040-e00a18065f0b/datastreams/THUMBNAIL/content",0,NULL
"2fb6c4cf-d4a8-41f1-a6a6-a268cd5cbaac","http://repo.nypl.org/fedora/objects/uuid:8abee0eb-5c74-bba0-e040-e00a18065f0b/datastreams/WIDE_THUMBNAIL/content",0,NULL
"2f288470-c519-46b2-be59-24cc70b61835","http://repo.nypl.org/fedora/objects/uuid:8abee0eb-5c74-bba0-e040-e00a18065f0b/datastreams/REFERENCE_THUMBNAIL/content",0,NULL
"0291a328-ed6e-452b-bb74-95edf11feb06","http://repo.nypl.org/fedora/objects/uuid:8abee0eb-5c75-bba0-e040-e00a18065f0b/datastreams/WIDE_THUMBNAIL/content",0,NULL
"3749ca10-d1d5-4a3d-82aa-4f6f617723d2","http://repo.nypl.org/fedora/objects/uuid:8abee0eb-5c75-bba0-e040-e00a18065f0b/datastreams/THUMBNAIL/content",0,NULL
"63890d2c-1ce3-4537-84f4-cecfedc71489","http://repo.nypl.org/fedora/objects/uuid:8abee0eb-5c75-bba0-e040-e00a18065f0b/datastreams/REFERENCE_THUMBNAIL/content",0,NULL
"74de987f-d038-4112-b5f3-8d67bd662c19","http://repo.nypl.org/fedora/objects/uuid:8abee0eb-5c76-bba0-e040-e00a18065f0b/datastreams/THUMBNAIL/content",0,NULL
"f83b1bf8-ba58-4375-950e-5858d17666e9","http://repo.nypl.org/fedora/objects/uuid:8abee0eb-5c76-bba0-e040-e00a18065f0b/datastreams/WIDE_THUMBNAIL/content",0,NULL
"b0187e4c-1fb3-4767-a0d2-590767e406a1","http://repo.nypl.org/fedora/objects/uuid:8abee0eb-5c76-bba0-e040-e00a18065f0b/datastreams/REFERENCE_THUMBNAIL/content",0,NULL
"21bd8218-044b-4804-8737-6d507a1dd309","http://repo.nypl.org/fedora/objects/uuid:8abee0eb-5c77-bba0-e040-e00a18065f0b/datastreams/THUMBNAIL/content",0,NULL
"7d4cb58e-b7e5-4ae9-b01e-b8a6d7d8c1fc","http://repo.nypl.org/fedora/objects/uuid:8abee0eb-5c77-bba0-e040-e00a18065f0b/datastreams/WIDE_THUMBNAIL/content",0,NULL
"51b4525d-8907-46fb-895d-ef2291264128","http://repo.nypl.org/fedora/objects/uuid:8abee0eb-5c77-bba0-e040-e00a18065f0b/datastreams/REFERENCE_THUMBNAIL/content",0,NULL
"3256606c-2158-42c6-8ad3-e5fe529ce0bc","http://repo.nypl.org/fedora/objects/uuid:8abee0eb-5c78-bba0-e040-e00a18065f0b/datastreams/THUMBNAIL/content",0,NULL
"680f3c9b-21b5-4de4-9160-e118c7c67b0d","http://repo.nypl.org/fedora/objects/uuid:8abee0eb-5c78-bba0-e040-e00a18065f0b/datastreams/WIDE_THUMBNAIL/content",0,NULL
"8c0fdf24-50f3-4b3d-8e42-884ce8011f09","http://repo.nypl.org/fedora/objects/uuid:8abee0eb-5c78-bba0-e040-e00a18065f0b/datastreams/REFERENCE_THUMBNAIL/content",0,NULL
"c3d59f20-867e-4bc9-9d24-4f29e6059d4d","http://repo.nypl.org/fedora/objects/uuid:8abee0eb-5c79-bba0-e040-e00a18065f0b/datastreams/THUMBNAIL/content",0,NULL
"8e5e0a70-18fa-402f-ac0f-3bd2a4a3ab14","http://repo.nypl.org/fedora/objects/uuid:8abee0eb-5c79-bba0-e040-e00a18065f0b/datastreams/WIDE_THUMBNAIL/content",0,NULL
"e68e64bb-ab49-4d1c-94af-ffdf47f6f2f5","http://repo.nypl.org/fedora/objects/uuid:8abee0eb-5c79-bba0-e040-e00a18065f0b/datastreams/REFERENCE_THUMBNAIL/content",0,NULL
"5febb64b-db38-4b79-a042-3bd981f49e8d","http://repo.nypl.org/fedora/objects/uuid:8abee0eb-5c7a-bba0-e040-e00a18065f0b/datastreams/THUMBNAIL/content",0,NULL
"7b2cbc59-3719-405c-94c2-fab79386f224","http://repo.nypl.org/fedora/objects/uuid:8abee0eb-5c7a-bba0-e040-e00a18065f0b/datastreams/WIDE_THUMBNAIL/content",0,NULL
"6ae09b45-fd1a-4e49-ac71-a09bb33fc646","http://repo.nypl.org/fedora/objects/uuid:8abee0eb-5c7a-bba0-e040-e00a18065f0b/datastreams/REFERENCE_THUMBNAIL/content",0,NULL
"62c57220-9597-46c3-a31f-9ac49e47bc1f","http://repo.nypl.org/fedora/objects/uuid:8abee0eb-5c7b-bba0-e040-e00a18065f0b/datastreams/THUMBNAIL/content",0,NULL
"2ae9e8f3-6e9e-452f-8135-e0eb19541b36","http://repo.nypl.org/fedora/objects/uuid:8abee0eb-5c7b-bba0-e040-e00a18065f0b/datastreams/WIDE_THUMBNAIL/content",0,NULL
"697c8cf2-0c51-42b7-ab01-58e8b118f19a","http://repo.nypl.org/fedora/objects/uuid:8abee0eb-5c7b-bba0-e040-e00a18065f0b/datastreams/REFERENCE_THUMBNAIL/content",0,NULL
"36cb6a48-05ec-46bf-9fe7-5f1930d590bb","http://repo.nypl.org/fedora/objects/uuid:8abee0eb-5c7c-bba0-e040-e00a18065f0b/datastreams/THUMBNAIL/content",0,NULL
"2df4dbfa-d30f-49f8-9969-16fc96ab3e66","http://repo.nypl.org/fedora/objects/uuid:8abee0eb-5c7c-bba0-e040-e00a18065f0b/datastreams/WIDE_THUMBNAIL/content",0,NULL
"9a81b6a4-067f-4d6a-971a-d5e7bdae725f","http://repo.nypl.org/fedora/objects/uuid:8abee0eb-5c7c-bba0-e040-e00a18065f0b/datastreams/REFERENCE_THUMBNAIL/content",0,NULL
"e5b51708-12c7-4fd0-9842-5079aa97ad83","http://repo.nypl.org/fedora/objects/uuid:8abee0eb-5c7d-bba0-e040-e00a18065f0b/datastreams/WIDE_THUMBNAIL/content",0,NULL
"7fd1a82c-0c19-4601-a7f1-e761b01ef337","http://repo.nypl.org/fedora/objects/uuid:8abee0eb-5c7d-bba0-e040-e00a18065f0b/datastreams/THUMBNAIL/content",0,NULL
"721227c2-4bf9-4521-960b-a5968ad80c63","http://repo.nypl.org/fedora/objects/uuid:8abee0eb-5c7d-bba0-e040-e00a18065f0b/datastreams/REFERENCE_THUMBNAIL/content",0,NULL
"967cb3bd-fdbb-4b58-87e8-ee82cb8f125b","http://repo.nypl.org/fedora/objects/uuid:8abee0eb-5c7e-bba0-e040-e00a18065f0b/datastreams/THUMBNAIL/content",0,NULL
"3cbb22a1-0e61-4b2a-9507-90471f72cc5a","http://repo.nypl.org/fedora/objects/uuid:8abee0eb-5c7e-bba0-e040-e00a18065f0b/datastreams/WIDE_THUMBNAIL/content",0,NULL
"c297f118-b3bc-4bad-8eaf-04599c61372e","http://repo.nypl.org/fedora/objects/uuid:8abee0eb-5c7e-bba0-e040-e00a18065f0b/datastreams/REFERENCE_THUMBNAIL/content",0,NULL
"1c11f857-f1cc-4cac-81fd-2e8c31863fcd","http://repo.nypl.org/fedora/objects/uuid:8abee0eb-5c7f-bba0-e040-e00a18065f0b/datastreams/WIDE_THUMBNAIL/content",0,NULL
"2c1662d2-9897-4638-9f7d-763f9d2c50ec","http://repo.nypl.org/fedora/objects/uuid:8abee0eb-5c7f-bba0-e040-e00a18065f0b/datastreams/THUMBNAIL/content",0,NULL
"6ef4a5c0-0634-4a61-8b89-cf00abbc7488","http://repo.nypl.org/fedora/objects/uuid:8abee0eb-5c7f-bba0-e040-e00a18065f0b/datastreams/REFERENCE_THUMBNAIL/content",0,NULL
"fab8b157-885a-4f20-ae43-e50313f19351","http://repo.nypl.org/fedora/objects/uuid:8abee0eb-5c80-bba0-e040-e00a18065f0b/datastreams/THUMBNAIL/content",0,NULL
"c9d2e353-c7a8-474f-bfe9-180250933081","http://repo.nypl.org/fedora/objects/uuid:8abee0eb-5c80-bba0-e040-e00a18065f0b/datastreams/WIDE_THUMBNAIL/content",0,NULL
"76254440-9eb9-42f4-955e-db5c2a90696e","http://repo.nypl.org/fedora/objects/uuid:8abee0eb-5c80-bba0-e040-e00a18065f0b/datastreams/REFERENCE_THUMBNAIL/content",0,NULL
"b2a1c4e8-755d-418c-bd01-b6d6ff5ccbea","http://repo.nypl.org/fedora/objects/uuid:8abee0eb-5c81-bba0-e040-e00a18065f0b/datastreams/THUMBNAIL/content",0,NULL
"07a88be9-e437-4ba9-bfb4-88323e0ad20e","http://repo.nypl.org/fedora/objects/uuid:8abee0eb-5c81-bba0-e040-e00a18065f0b/datastreams/WIDE_THUMBNAIL/content",0,NULL
"789f1c5c-bf8c-413c-b4dc-bf2dcf12b6c8","http://repo.nypl.org/fedora/objects/uuid:8abee0eb-5c81-bba0-e040-e00a18065f0b/datastreams/REFERENCE_THUMBNAIL/content",0,NULL
"7215d359-bed0-4c41-ac4f-12a44f689981","http://repo.nypl.org/fedora/objects/uuid:8abee0eb-5c82-bba0-e040-e00a18065f0b/datastreams/THUMBNAIL/content",0,NULL
"05353865-d3d3-45a1-936c-a12133260baf","http://repo.nypl.org/fedora/objects/uuid:8abee0eb-5c82-bba0-e040-e00a18065f0b/datastreams/WIDE_THUMBNAIL/content",0,NULL
"12975b14-0c15-4b62-83f6-008dcae67817","http://repo.nypl.org/fedora/objects/uuid:8abee0eb-5c82-bba0-e040-e00a18065f0b/datastreams/REFERENCE_THUMBNAIL/content",0,NULL
"496f3b2f-000f-4510-a0d8-47e385e975cb","http://repo.nypl.org/fedora/objects/uuid:8abee0eb-5c83-bba0-e040-e00a18065f0b/datastreams/WIDE_THUMBNAIL/content",0,NULL
"4af196c0-5c6b-44cc-9e30-34fd4bf267e5","http://repo.nypl.org/fedora/objects/uuid:8abee0eb-5c83-bba0-e040-e00a18065f0b/datastreams/THUMBNAIL/content",0,NULL
"7b1b0e24-94c8-4e89-813d-bcf3bc5b9715","http://repo.nypl.org/fedora/objects/uuid:8abee0eb-5c83-bba0-e040-e00a18065f0b/datastreams/REFERENCE_THUMBNAIL/content",0,NULL
"e6656b74-be8f-4231-810d-12dc53c2bcc1","http://repo.nypl.org/fedora/objects/uuid:8abee0eb-5c84-bba0-e040-e00a18065f0b/datastreams/THUMBNAIL/content",0,NULL
"ebb0d6c4-117c-4e54-9d39-16c227c14921","http://repo.nypl.org/fedora/objects/uuid:8abee0eb-5c84-bba0-e040-e00a18065f0b/datastreams/WIDE_THUMBNAIL/content",0,NULL
"f7d42365-4163-44d3-aae9-d54b7c9a3275","http://repo.nypl.org/fedora/objects/uuid:8abee0eb-5c84-bba0-e040-e00a18065f0b/datastreams/REFERENCE_THUMBNAIL/content",0,NULL
"9f1172aa-ce21-4151-9c01-07251fee31a7","http://repo.nypl.org/fedora/objects/uuid:8abee0eb-5c85-bba0-e040-e00a18065f0b/datastreams/THUMBNAIL/content",0,NULL
"8857aa2c-5ef9-4233-8f25-dd8e48dc2089","http://repo.nypl.org/fedora/objects/uuid:8abee0eb-5c85-bba0-e040-e00a18065f0b/datastreams/WIDE_THUMBNAIL/content",0,NULL
"a10e00a1-ce91-482e-84e8-6b7013577c23","http://repo.nypl.org/fedora/objects/uuid:8abee0eb-5c85-bba0-e040-e00a18065f0b/datastreams/REFERENCE_THUMBNAIL/content",0,NULL
"ae7c6a00-0146-47ea-bf48-94edde91271a","http://repo.nypl.org/fedora/objects/uuid:8abee0eb-5c86-bba0-e040-e00a18065f0b/datastreams/THUMBNAIL/content",0,NULL
"9e1c2def-b2b2-48ed-9acb-4c47049a8cc6","http://repo.nypl.org/fedora/objects/uuid:8abee0eb-5c86-bba0-e040-e00a18065f0b/datastreams/WIDE_THUMBNAIL/content",0,NULL
"63c6824e-b4ae-4edd-baea-b5780f8aea20","http://repo.nypl.org/fedora/objects/uuid:8abee0eb-5c86-bba0-e040-e00a18065f0b/datastreams/REFERENCE_THUMBNAIL/content",0,NULL
"6fca7cb5-ebae-4856-905c-0bdec7c767af","http://repo.nypl.org/fedora/objects/uuid:8abee0eb-5c87-bba0-e040-e00a18065f0b/datastreams/THUMBNAIL/content",0,NULL
"d876ed49-8292-45d2-b996-4bdfea8ecd4b","http://repo.nypl.org/fedora/objects/uuid:8abee0eb-5c87-bba0-e040-e00a18065f0b/datastreams/WIDE_THUMBNAIL/content",0,NULL
"5d379b35-f091-4391-a5d9-a10d12008e4d","http://repo.nypl.org/fedora/objects/uuid:8abee0eb-5c87-bba0-e040-e00a18065f0b/datastreams/REFERENCE_THUMBNAIL/content",0,NULL
"a6adf47d-de24-4296-b616-d34a4d9e8032","http://repo.nypl.org/fedora/objects/uuid:8abee0eb-5c88-bba0-e040-e00a18065f0b/datastreams/THUMBNAIL/content",0,NULL
"9b3d50d1-f341-4496-8044-680a1713e24c","http://repo.nypl.org/fedora/objects/uuid:8abee0eb-5c88-bba0-e040-e00a18065f0b/datastreams/WIDE_THUMBNAIL/content",0,NULL
"d432078f-ba79-4706-802e-01ea902a0273","http://repo.nypl.org/fedora/objects/uuid:8abee0eb-5c88-bba0-e040-e00a18065f0b/datastreams/REFERENCE_THUMBNAIL/content",0,NULL
"bb16d69e-0e28-4740-a4d6-499f369a6142","http://repo.nypl.org/fedora/objects/uuid:8abee0eb-5c89-bba0-e040-e00a18065f0b/datastreams/THUMBNAIL/content",0,NULL
"9766e26a-183d-445f-963d-7df17e58b4f6","http://repo.nypl.org/fedora/objects/uuid:8abee0eb-5c89-bba0-e040-e00a18065f0b/datastreams/WIDE_THUMBNAIL/content",0,NULL
"df5dfb33-d4ec-49d4-bb3f-eb20e9743a0e","http://repo.nypl.org/fedora/objects/uuid:8abee0eb-5c89-bba0-e040-e00a18065f0b/datastreams/REFERENCE_THUMBNAIL/content",0,NULL
"fe17e89b-3231-4637-9143-ef33a10ff372","http://repo.nypl.org/fedora/objects/uuid:8abee0eb-5c8a-bba0-e040-e00a18065f0b/datastreams/WIDE_THUMBNAIL/content",0,NULL
"e69a5441-0c77-43db-976a-76efde694417","http://repo.nypl.org/fedora/objects/uuid:8abee0eb-5c8a-bba0-e040-e00a18065f0b/datastreams/THUMBNAIL/content",0,NULL
"73b20cca-f823-467c-aa59-80da78db7289","http://repo.nypl.org/fedora/objects/uuid:8abee0eb-5c8a-bba0-e040-e00a18065f0b/datastreams/REFERENCE_THUMBNAIL/content",0,NULL
"d59923ac-8543-4339-b2bc-cdcbb2fb4fba","http://repo.nypl.org/fedora/objects/uuid:8abee0eb-5c8b-bba0-e040-e00a18065f0b/datastreams/THUMBNAIL/content",0,NULL
"b5e38775-dbda-49c0-87f8-536c6be736d4","http://repo.nypl.org/fedora/objects/uuid:8abee0eb-5c8b-bba0-e040-e00a18065f0b/datastreams/WIDE_THUMBNAIL/content",0,NULL
"425c83d1-2d2f-4ba9-96ca-872bf3e2cef5","http://repo.nypl.org/fedora/objects/uuid:8abee0eb-5c8b-bba0-e040-e00a18065f0b/datastreams/REFERENCE_THUMBNAIL/content",0,NULL
"7bdd19c0-2b6f-439b-a63b-a1269bfe94d3","http://repo.nypl.org/fedora/objects/uuid:8abee0eb-5c8c-bba0-e040-e00a18065f0b/datastreams/WIDE_THUMBNAIL/content",0,NULL
"27020f2c-ef24-4405-8eb8-c647b42520f1","http://repo.nypl.org/fedora/objects/uuid:8abee0eb-5c8c-bba0-e040-e00a18065f0b/datastreams/THUMBNAIL/content",0,NULL
"d31bfb75-56ff-401b-86fb-a17cb2c3c4ed","http://repo.nypl.org/fedora/objects/uuid:8abee0eb-5c8c-bba0-e040-e00a18065f0b/datastreams/REFERENCE_THUMBNAIL/content",0,NULL
"d48f5079-d29f-446a-8bbe-f74523f774f8","http://repo.nypl.org/fedora/objects/uuid:8abee0eb-5c8d-bba0-e040-e00a18065f0b/datastreams/THUMBNAIL/content",0,NULL
"f5f6ce22-1aa0-47fb-9262-f4c9d7b37ad9","http://repo.nypl.org/fedora/objects/uuid:8abee0eb-5c8d-bba0-e040-e00a18065f0b/datastreams/WIDE_THUMBNAIL/content",0,NULL
"81d77ef5-a123-4024-838c-ce47b261e8ce","http://repo.nypl.org/fedora/objects/uuid:8abee0eb-5c8d-bba0-e040-e00a18065f0b/datastreams/REFERENCE_THUMBNAIL/content",0,NULL
"5d302027-3e92-4afe-afc7-afdadea887ab","http://repo.nypl.org/fedora/objects/uuid:8abee0eb-5c8e-bba0-e040-e00a18065f0b/datastreams/THUMBNAIL/content",0,NULL
"351068c0-6b29-4d90-9e89-2705040dc15c","http://repo.nypl.org/fedora/objects/uuid:8abee0eb-5c8e-bba0-e040-e00a18065f0b/datastreams/WIDE_THUMBNAIL/content",0,NULL
"82b34d12-e103-4d8b-88b6-c328cc93b45d","http://repo.nypl.org/fedora/objects/uuid:8abee0eb-5c8e-bba0-e040-e00a18065f0b/datastreams/REFERENCE_THUMBNAIL/content",0,NULL
"29ce7aea-767b-4ed4-8119-47aa8a7a8915","http://repo.nypl.org/fedora/objects/uuid:8abee0eb-5c8f-bba0-e040-e00a18065f0b/datastreams/WIDE_THUMBNAIL/content",0,NULL
"efbe4001-d00a-40a9-b63a-a2209c5e2061","http://repo.nypl.org/fedora/objects/uuid:8abee0eb-5c8f-bba0-e040-e00a18065f0b/datastreams/THUMBNAIL/content",0,NULL
"4d74fd03-0236-446d-b144-6d79af88de74","http://repo.nypl.org/fedora/objects/uuid:8abee0eb-5c8f-bba0-e040-e00a18065f0b/datastreams/REFERENCE_THUMBNAIL/content",0,NULL
"3711d1d4-fc50-4644-8f25-6b8ed4d958a8","http://repo.nypl.org/fedora/objects/uuid:8abee0eb-5c90-bba0-e040-e00a18065f0b/datastreams/THUMBNAIL/content",0,NULL
"017a73a7-e097-4869-88f2-68f57c722cea","http://repo.nypl.org/fedora/objects/uuid:8abee0eb-5c90-bba0-e040-e00a18065f0b/datastreams/WIDE_THUMBNAIL/content",0,NULL
"98f7bb12-fbf9-4128-b12a-e899a59d456e","http://repo.nypl.org/fedora/objects/uuid:8abee0eb-5c90-bba0-e040-e00a18065f0b/datastreams/REFERENCE_THUMBNAIL/content",0,NULL
"97d7ac01-9561-44b2-be98-5d4449a8b883","http://repo.nypl.org/fedora/objects/uuid:8abee0eb-5c91-bba0-e040-e00a18065f0b/datastreams/THUMBNAIL/content",0,NULL
"3e02ff17-0517-4e6f-877e-21a7ce699916","http://repo.nypl.org/fedora/objects/uuid:8abee0eb-5c91-bba0-e040-e00a18065f0b/datastreams/WIDE_THUMBNAIL/content",0,NULL
"caa80026-e1e2-414a-a72a-6136b1148ac6","http://repo.nypl.org/fedora/objects/uuid:8abee0eb-5c91-bba0-e040-e00a18065f0b/datastreams/REFERENCE_THUMBNAIL/content",0,NULL
"49ebad86-f27a-4b1a-b0bc-75fa0b279ca4","http://repo.nypl.org/fedora/objects/uuid:8abee0eb-5c92-bba0-e040-e00a18065f0b/datastreams/THUMBNAIL/content",0,NULL
"96c36459-091b-406b-a8e1-2ccf7cf22ebe","http://repo.nypl.org/fedora/objects/uuid:8abee0eb-5c92-bba0-e040-e00a18065f0b/datastreams/WIDE_THUMBNAIL/content",0,NULL
"c04e4e51-b4ac-445b-b67e-3298d650bfa5","http://repo.nypl.org/fedora/objects/uuid:8abee0eb-5c92-bba0-e040-e00a18065f0b/datastreams/REFERENCE_THUMBNAIL/content",0,NULL
"2a3836d8-552e-4278-9554-b4777447bc67","http://repo.nypl.org/fedora/objects/uuid:8abee0eb-5c93-bba0-e040-e00a18065f0b/datastreams/THUMBNAIL/content",0,NULL
"2d0824ae-512a-4eac-95d9-d73812382799","http://repo.nypl.org/fedora/objects/uuid:8abee0eb-5c93-bba0-e040-e00a18065f0b/datastreams/WIDE_THUMBNAIL/content",0,NULL
"444f9d6d-ef07-43f6-bd6c-bd96f8748ee1","http://repo.nypl.org/fedora/objects/uuid:8abee0eb-5c93-bba0-e040-e00a18065f0b/datastreams/REFERENCE_THUMBNAIL/content",0,NULL
"60a27d04-21ad-42f9-893a-5be93209d264","http://repo.nypl.org/fedora/objects/uuid:8abee0eb-5c94-bba0-e040-e00a18065f0b/datastreams/THUMBNAIL/content",0,NULL
"01e9061e-74f0-4901-b32d-84722249c2fd","http://repo.nypl.org/fedora/objects/uuid:8abee0eb-5c94-bba0-e040-e00a18065f0b/datastreams/WIDE_THUMBNAIL/content",0,NULL
"b0a65b4b-2024-4c2c-962a-d250b5392991","http://repo.nypl.org/fedora/objects/uuid:8abee0eb-5c94-bba0-e040-e00a18065f0b/datastreams/REFERENCE_THUMBNAIL/content",0,NULL
"458e2de2-3ae6-402b-8337-903dfb04351d","http://repo.nypl.org/fedora/objects/uuid:8abee0eb-5c95-bba0-e040-e00a18065f0b/datastreams/THUMBNAIL/content",0,NULL
"23ae2152-88a1-478a-8460-a1c8b040cf0a","http://repo.nypl.org/fedora/objects/uuid:8abee0eb-5c95-bba0-e040-e00a18065f0b/datastreams/WIDE_THUMBNAIL/content",0,NULL
"d8a7bd2a-ed2c-45de-8483-51f071e20e85","http://repo.nypl.org/fedora/objects/uuid:8abee0eb-5c95-bba0-e040-e00a18065f0b/datastreams/REFERENCE_THUMBNAIL/content",0,NULL
"facd8104-c722-47f0-9121-e995c63091b4","http://repo.nypl.org/fedora/objects/uuid:8abee0eb-5c96-bba0-e040-e00a18065f0b/datastreams/THUMBNAIL/content",0,NULL
"efcdf52a-35a2-4890-9e79-7139e0b575e9","http://repo.nypl.org/fedora/objects/uuid:8abee0eb-5c96-bba0-e040-e00a18065f0b/datastreams/WIDE_THUMBNAIL/content",0,NULL
"6b823b96-8fad-47d8-9961-fa0b8efa93e4","http://repo.nypl.org/fedora/objects/uuid:8abee0eb-5c96-bba0-e040-e00a18065f0b/datastreams/REFERENCE_THUMBNAIL/content",0,NULL
"37c6c37a-6acc-42bf-92a1-dc7f7c47e2a6","http://repo.nypl.org/fedora/objects/uuid:8abee0eb-5c97-bba0-e040-e00a18065f0b/datastreams/WIDE_THUMBNAIL/content",0,NULL
"4857afb3-2626-48ea-824b-f94da451b2d6","http://repo.nypl.org/fedora/objects/uuid:8abee0eb-5c97-bba0-e040-e00a18065f0b/datastreams/THUMBNAIL/content",0,NULL
"c0cedb6c-3ce2-4336-8479-fd6504c36b63","http://repo.nypl.org/fedora/objects/uuid:8abee0eb-5c97-bba0-e040-e00a18065f0b/datastreams/REFERENCE_THUMBNAIL/content",0,NULL
"8087e82f-c8b8-486d-abef-195e4472ddfd","http://repo.nypl.org/fedora/objects/uuid:8abee0eb-5c98-bba0-e040-e00a18065f0b/datastreams/THUMBNAIL/content",0,NULL
"981bef9a-7de4-43d7-8370-3a8b2505758e","http://repo.nypl.org/fedora/objects/uuid:8abee0eb-5c98-bba0-e040-e00a18065f0b/datastreams/WIDE_THUMBNAIL/content",0,NULL
"58ab9309-b4d9-48e6-88fa-e83ee3016c81","http://repo.nypl.org/fedora/objects/uuid:8abee0eb-5c98-bba0-e040-e00a18065f0b/datastreams/REFERENCE_THUMBNAIL/content",0,NULL
"f11d8e8b-b4cb-4443-9fb0-f79c921ca3b7","http://repo.nypl.org/fedora/objects/uuid:8abee0eb-5c99-bba0-e040-e00a18065f0b/datastreams/WIDE_THUMBNAIL/content",0,NULL
"316e66a3-81c8-4513-bff7-b4daa334f392","http://repo.nypl.org/fedora/objects/uuid:8abee0eb-5c99-bba0-e040-e00a18065f0b/datastreams/THUMBNAIL/content",0,NULL
"b9ddcf50-7417-4d9c-a0c4-22ec0efb247b","http://repo.nypl.org/fedora/objects/uuid:8abee0eb-5c99-bba0-e040-e00a18065f0b/datastreams/REFERENCE_THUMBNAIL/content",0,NULL
"742be59e-01b7-4e2e-9888-bafde9b6c8b1","http://repo.nypl.org/fedora/objects/uuid:8abee0eb-5c9a-bba0-e040-e00a18065f0b/datastreams/THUMBNAIL/content",0,NULL
"1c1a83bc-8d0b-41dc-9669-2712db1f693a","http://repo.nypl.org/fedora/objects/uuid:8abee0eb-5c9a-bba0-e040-e00a18065f0b/datastreams/WIDE_THUMBNAIL/content",0,NULL
"e1d59c1c-ea34-4467-883d-465630e8ac95","http://repo.nypl.org/fedora/objects/uuid:8abee0eb-5c9a-bba0-e040-e00a18065f0b/datastreams/REFERENCE_THUMBNAIL/content",0,NULL
"9b1d52f7-1b11-4e4e-ad71-41ff89c9562a","http://repo.nypl.org/fedora/objects/uuid:8abee0eb-5c9b-bba0-e040-e00a18065f0b/datastreams/THUMBNAIL/content",0,NULL
"bb742ab8-e670-46e8-93a8-f6746076b78f","http://repo.nypl.org/fedora/objects/uuid:8abee0eb-5c9b-bba0-e040-e00a18065f0b/datastreams/WIDE_THUMBNAIL/content",0,NULL
"320abd4d-7b74-43a9-a850-23247350e9b3","http://repo.nypl.org/fedora/objects/uuid:8abee0eb-5c9b-bba0-e040-e00a18065f0b/datastreams/REFERENCE_THUMBNAIL/content",0,NULL
"683a08ac-c418-4e1b-b779-9ccba6a98e06","http://repo.nypl.org/fedora/objects/uuid:8abee0eb-5c9c-bba0-e040-e00a18065f0b/datastreams/THUMBNAIL/content",0,NULL
"c3584b8a-1053-4aaa-a23e-878c01ab20ca","http://repo.nypl.org/fedora/objects/uuid:8abee0eb-5c9c-bba0-e040-e00a18065f0b/datastreams/WIDE_THUMBNAIL/content",0,NULL
"1986535c-3f44-45c1-8491-eeee20cf94a2","http://repo.nypl.org/fedora/objects/uuid:8abee0eb-5c9c-bba0-e040-e00a18065f0b/datastreams/REFERENCE_THUMBNAIL/content",0,NULL
"6edd95b2-2273-4463-9970-cad52971b5c4","http://repo.nypl.org/fedora/objects/uuid:8abee0eb-5c9d-bba0-e040-e00a18065f0b/datastreams/THUMBNAIL/content",0,NULL
"d6229e8d-1d13-45fd-bc32-d851418f9e5c","http://repo.nypl.org/fedora/objects/uuid:8abee0eb-5c9d-bba0-e040-e00a18065f0b/datastreams/WIDE_THUMBNAIL/content",0,NULL
"c44bf056-fd4c-4b4e-815d-734294ec3f57","http://repo.nypl.org/fedora/objects/uuid:8abee0eb-5c9d-bba0-e040-e00a18065f0b/datastreams/REFERENCE_THUMBNAIL/content",0,NULL
"fc3f6c97-3cb3-42e8-992d-9d2b30933fdf","http://repo.nypl.org/fedora/objects/uuid:8abee0eb-5c9e-bba0-e040-e00a18065f0b/datastreams/THUMBNAIL/content",0,NULL
"a885e6c8-0660-444f-b36c-4e661fb54d5b","http://repo.nypl.org/fedora/objects/uuid:8abee0eb-5c9e-bba0-e040-e00a18065f0b/datastreams/WIDE_THUMBNAIL/content",0,NULL
"b5249a52-babb-4666-b8e4-cb2efec4c36b","http://repo.nypl.org/fedora/objects/uuid:8abee0eb-5c9e-bba0-e040-e00a18065f0b/datastreams/REFERENCE_THUMBNAIL/content",0,NULL
"fb3ee49c-d754-4947-af06-86c0d75e57cb","http://repo.nypl.org/fedora/objects/uuid:8abee0eb-5c9f-bba0-e040-e00a18065f0b/datastreams/THUMBNAIL/content",0,NULL
"ea0c9d88-6e1c-49f4-b25b-d2a2c46f9e17","http://repo.nypl.org/fedora/objects/uuid:8abee0eb-5c9f-bba0-e040-e00a18065f0b/datastreams/WIDE_THUMBNAIL/content",0,NULL
"53957bd0-3c6a-4dfe-bb20-2ee4ad6ca2ad","http://repo.nypl.org/fedora/objects/uuid:8abee0eb-5c9f-bba0-e040-e00a18065f0b/datastreams/REFERENCE_THUMBNAIL/content",0,NULL
"5aeb52d4-3276-4085-a102-d1f5d72882c0","http://repo.nypl.org/fedora/objects/uuid:8abee0eb-5ca0-bba0-e040-e00a18065f0b/datastreams/THUMBNAIL/content",0,NULL
"5f8a1c79-6006-46eb-be92-95c459e9f3f3","http://repo.nypl.org/fedora/objects/uuid:8abee0eb-5ca0-bba0-e040-e00a18065f0b/datastreams/WIDE_THUMBNAIL/content",0,NULL
"9352ed0b-b770-45a0-a46f-b32ca541f752","http://repo.nypl.org/fedora/objects/uuid:8abee0eb-5ca0-bba0-e040-e00a18065f0b/datastreams/REFERENCE_THUMBNAIL/content",0,NULL
"ba308557-780f-4577-9588-86f08dca85c1","http://repo.nypl.org/fedora/objects/uuid:8abee0eb-5ca1-bba0-e040-e00a18065f0b/datastreams/THUMBNAIL/content",0,NULL
"dd8714e6-fed2-4eb6-9688-7b192e6bbf51","http://repo.nypl.org/fedora/objects/uuid:8abee0eb-5ca1-bba0-e040-e00a18065f0b/datastreams/WIDE_THUMBNAIL/content",0,NULL
"934d8179-fb1e-43d4-9fbc-006308b72cff","http://repo.nypl.org/fedora/objects/uuid:8abee0eb-5ca1-bba0-e040-e00a18065f0b/datastreams/REFERENCE_THUMBNAIL/content",0,NULL
"1d02464c-cd6f-4f03-afe5-704fc172c0c3","http://repo.nypl.org/fedora/objects/uuid:8abee0eb-5ca2-bba0-e040-e00a18065f0b/datastreams/THUMBNAIL/content",0,NULL
"6c90d033-104e-4165-8136-7d4637c909bc","http://repo.nypl.org/fedora/objects/uuid:8abee0eb-5ca2-bba0-e040-e00a18065f0b/datastreams/WIDE_THUMBNAIL/content",0,NULL
"829cb2b1-6650-4196-bd5f-032d356d33d9","http://repo.nypl.org/fedora/objects/uuid:8abee0eb-5ca2-bba0-e040-e00a18065f0b/datastreams/REFERENCE_THUMBNAIL/content",0,NULL
"ec6c9498-3f70-45f6-b8d4-f9db366eff65","http://repo.nypl.org/fedora/objects/uuid:8abee0eb-5ca3-bba0-e040-e00a18065f0b/datastreams/THUMBNAIL/content",0,NULL
"53e201e3-e6d9-4a2f-95a1-813ac1d50b8b","http://repo.nypl.org/fedora/objects/uuid:8abee0eb-5ca3-bba0-e040-e00a18065f0b/datastreams/WIDE_THUMBNAIL/content",0,NULL
"dd4d787b-56b8-4743-ad62-7bf25783a10f","http://repo.nypl.org/fedora/objects/uuid:8abee0eb-5ca3-bba0-e040-e00a18065f0b/datastreams/REFERENCE_THUMBNAIL/content",0,NULL
"c3d27e8c-2f2f-460f-bf32-d376126ee1b2","http://repo.nypl.org/fedora/objects/uuid:8abee0eb-5ca4-bba0-e040-e00a18065f0b/datastreams/WIDE_THUMBNAIL/content",0,NULL
"fd88bd46-7cbf-4e36-ab1d-5c7ec9ab2f79","http://repo.nypl.org/fedora/objects/uuid:8abee0eb-5ca4-bba0-e040-e00a18065f0b/datastreams/THUMBNAIL/content",0,NULL
"90607517-373c-4715-bbec-0f40c178ca97","http://repo.nypl.org/fedora/objects/uuid:8abee0eb-5ca4-bba0-e040-e00a18065f0b/datastreams/REFERENCE_THUMBNAIL/content",0,NULL
"56f21417-eff4-44ff-bde8-d8099d2f0e89","http://repo.nypl.org/fedora/objects/uuid:8abee0eb-5ca5-bba0-e040-e00a18065f0b/datastreams/THUMBNAIL/content",0,NULL
"b02eeee4-60d6-47ee-83d2-50ea9122bea3","http://repo.nypl.org/fedora/objects/uuid:8abee0eb-5ca5-bba0-e040-e00a18065f0b/datastreams/WIDE_THUMBNAIL/content",0,NULL
"0816e885-0b73-4e48-80be-29c0d4a511c2","http://repo.nypl.org/fedora/objects/uuid:8abee0eb-5ca5-bba0-e040-e00a18065f0b/datastreams/REFERENCE_THUMBNAIL/content",0,NULL
"134405c4-78a0-4ddd-bee5-312dcb37db5b","http://repo.nypl.org/fedora/objects/uuid:8abee0eb-5ca6-bba0-e040-e00a18065f0b/datastreams/WIDE_THUMBNAIL/content",0,NULL
"a33c3362-b4aa-4df2-9d66-91c7c88cfa34","http://repo.nypl.org/fedora/objects/uuid:8abee0eb-5ca6-bba0-e040-e00a18065f0b/datastreams/THUMBNAIL/content",0,NULL
"b59881b9-3fec-4ef9-abda-49a1f0ea3289","http://repo.nypl.org/fedora/objects/uuid:8abee0eb-5ca6-bba0-e040-e00a18065f0b/datastreams/REFERENCE_THUMBNAIL/content",0,NULL
"51df1f7c-d37b-4268-8661-0008df3f4736","http://repo.nypl.org/fedora/objects/uuid:8abee0eb-5ca7-bba0-e040-e00a18065f0b/datastreams/THUMBNAIL/content",0,NULL
"310758cf-0354-45b3-a3fd-e011ca27373e","http://repo.nypl.org/fedora/objects/uuid:8abee0eb-5ca7-bba0-e040-e00a18065f0b/datastreams/WIDE_THUMBNAIL/content",0,NULL
"3c66c47a-64a0-4f54-a708-84637778bcc6","http://repo.nypl.org/fedora/objects/uuid:8abee0eb-5ca7-bba0-e040-e00a18065f0b/datastreams/REFERENCE_THUMBNAIL/content",0,NULL
"39532415-e5ce-48f9-a6b8-725fdb5bede4","http://repo.nypl.org/fedora/objects/uuid:8abee0eb-5ca8-bba0-e040-e00a18065f0b/datastreams/THUMBNAIL/content",0,NULL
"cb673676-711f-4097-8f1b-54a05784e909","http://repo.nypl.org/fedora/objects/uuid:8abee0eb-5ca8-bba0-e040-e00a18065f0b/datastreams/WIDE_THUMBNAIL/content",0,NULL
"c440b992-d99c-4abb-9f81-f07a3d542f41","http://repo.nypl.org/fedora/objects/uuid:8abee0eb-5ca8-bba0-e040-e00a18065f0b/datastreams/REFERENCE_THUMBNAIL/content",0,NULL
"7d3c17bf-e00c-4d7a-b85a-8fd67abc9b0b","http://repo.nypl.org/fedora/objects/uuid:8abee0eb-5ca9-bba0-e040-e00a18065f0b/datastreams/THUMBNAIL/content",0,NULL
"49f81e6f-cf80-4a9e-be42-9763e75c9c9c","http://repo.nypl.org/fedora/objects/uuid:8abee0eb-5ca9-bba0-e040-e00a18065f0b/datastreams/WIDE_THUMBNAIL/content",0,NULL
"60fa7379-86f3-4d2d-a9a5-4cc3388e8366","http://repo.nypl.org/fedora/objects/uuid:8abee0eb-5ca9-bba0-e040-e00a18065f0b/datastreams/REFERENCE_THUMBNAIL/content",0,NULL
"cd0031e8-ac6d-4379-8042-1144028b9dc0","http://repo.nypl.org/fedora/objects/uuid:8abee0eb-5caa-bba0-e040-e00a18065f0b/datastreams/THUMBNAIL/content",0,NULL
"9b26d27d-1cad-48bc-a723-805dac5ab379","http://repo.nypl.org/fedora/objects/uuid:8abee0eb-5caa-bba0-e040-e00a18065f0b/datastreams/WIDE_THUMBNAIL/content",0,NULL
"a9a8829d-4249-4913-a1f7-eab62b9951fc","http://repo.nypl.org/fedora/objects/uuid:8abee0eb-5caa-bba0-e040-e00a18065f0b/datastreams/REFERENCE_THUMBNAIL/content",0,NULL
"8a3b9530-08de-473a-836a-c14d8e4d98d5","http://repo.nypl.org/fedora/objects/uuid:8abee0eb-5cab-bba0-e040-e00a18065f0b/datastreams/THUMBNAIL/content",0,NULL
"28543f3f-83a6-4963-8adf-e7fe44892715","http://repo.nypl.org/fedora/objects/uuid:8abee0eb-5cab-bba0-e040-e00a18065f0b/datastreams/WIDE_THUMBNAIL/content",0,NULL
"0e3007d0-80ee-4089-9098-ee1e8aef5ab9","http://repo.nypl.org/fedora/objects/uuid:8abee0eb-5cab-bba0-e040-e00a18065f0b/datastreams/REFERENCE_THUMBNAIL/content",0,NULL
"80d2faa8-412e-4455-928e-462ee5aa3359","http://repo.nypl.org/fedora/objects/uuid:8abee0eb-5cac-bba0-e040-e00a18065f0b/datastreams/WIDE_THUMBNAIL/content",0,NULL
"2cb50d42-991e-4761-a1dd-5d864f52e6da","http://repo.nypl.org/fedora/objects/uuid:8abee0eb-5cac-bba0-e040-e00a18065f0b/datastreams/THUMBNAIL/content",0,NULL
"f57c09ef-50eb-4ae2-a198-7aec490ba621","http://repo.nypl.org/fedora/objects/uuid:8abee0eb-5cac-bba0-e040-e00a18065f0b/datastreams/REFERENCE_THUMBNAIL/content",0,NULL
"37f59cd4-4c5a-401c-837d-e36f2b2bf5fa","http://repo.nypl.org/fedora/objects/uuid:8abee0eb-5cad-bba0-e040-e00a18065f0b/datastreams/THUMBNAIL/content",0,NULL
"3c7c6abf-3c75-4726-a7a2-103df94b4780","http://repo.nypl.org/fedora/objects/uuid:8abee0eb-5cad-bba0-e040-e00a18065f0b/datastreams/WIDE_THUMBNAIL/content",0,NULL
"3a46094e-e323-42e2-ab97-618b88045b13","http://repo.nypl.org/fedora/objects/uuid:8abee0eb-5cad-bba0-e040-e00a18065f0b/datastreams/REFERENCE_THUMBNAIL/content",0,NULL
"f71715cd-0c95-459c-9b83-f8fa334f97c0","http://repo.nypl.org/fedora/objects/uuid:8abee0eb-5cae-bba0-e040-e00a18065f0b/datastreams/THUMBNAIL/content",0,NULL
"1272822c-6fb0-4491-836a-3f03166c9871","http://repo.nypl.org/fedora/objects/uuid:8abee0eb-5cae-bba0-e040-e00a18065f0b/datastreams/WIDE_THUMBNAIL/content",0,NULL
"492b61c5-b618-4d77-9f7b-4e289271c775","http://repo.nypl.org/fedora/objects/uuid:8abee0eb-5cae-bba0-e040-e00a18065f0b/datastreams/REFERENCE_THUMBNAIL/content",0,NULL
"869bb6c4-4e75-4fb0-9474-d6a3abf2767c","http://repo.nypl.org/fedora/objects/uuid:8abee0eb-5caf-bba0-e040-e00a18065f0b/datastreams/WIDE_THUMBNAIL/content",0,NULL
"c3c49c03-52d7-4eaf-b984-cc69f5c47551","http://repo.nypl.org/fedora/objects/uuid:8abee0eb-5caf-bba0-e040-e00a18065f0b/datastreams/THUMBNAIL/content",0,NULL
"ef736951-0167-48d5-b175-a186e28a7710","http://repo.nypl.org/fedora/objects/uuid:8abee0eb-5caf-bba0-e040-e00a18065f0b/datastreams/REFERENCE_THUMBNAIL/content",0,NULL
"98e3796c-93a0-412a-a52f-4fe6769ab4de","http://repo.nypl.org/fedora/objects/uuid:8abee0eb-5cb0-bba0-e040-e00a18065f0b/datastreams/WIDE_THUMBNAIL/content",0,NULL
"10a5c405-d22c-4285-b84f-b7537b1f33d8","http://repo.nypl.org/fedora/objects/uuid:8abee0eb-5cb0-bba0-e040-e00a18065f0b/datastreams/THUMBNAIL/content",0,NULL
"5ce01c36-abfd-49da-82bb-5b6e5742f7a5","http://repo.nypl.org/fedora/objects/uuid:8abee0eb-5cb0-bba0-e040-e00a18065f0b/datastreams/REFERENCE_THUMBNAIL/content",0,NULL
"4665fc75-811d-46e5-b0e6-9007b412dfd6","http://repo.nypl.org/fedora/objects/uuid:8abee0eb-5cb1-bba0-e040-e00a18065f0b/datastreams/THUMBNAIL/content",0,NULL
"37808e8d-43e4-4236-90e3-f268fc5175a5","http://repo.nypl.org/fedora/objects/uuid:8abee0eb-5cb1-bba0-e040-e00a18065f0b/datastreams/WIDE_THUMBNAIL/content",0,NULL
"09cadcc4-ac1a-4b8b-a90d-e5f653e6b578","http://repo.nypl.org/fedora/objects/uuid:8abee0eb-5cb1-bba0-e040-e00a18065f0b/datastreams/REFERENCE_THUMBNAIL/content",0,NULL
"7237e4f6-b7f4-4ed4-a590-7a0427da5dbc","http://repo.nypl.org/fedora/objects/uuid:8abee0eb-5cb2-bba0-e040-e00a18065f0b/datastreams/WIDE_THUMBNAIL/content",0,NULL
"47e12483-252e-44c6-b1dc-02c662ad3d3e","http://repo.nypl.org/fedora/objects/uuid:8abee0eb-5cb2-bba0-e040-e00a18065f0b/datastreams/THUMBNAIL/content",0,NULL
"e15b66ad-2949-408e-9272-c2c9b2c22f34","http://repo.nypl.org/fedora/objects/uuid:8abee0eb-5cb2-bba0-e040-e00a18065f0b/datastreams/REFERENCE_THUMBNAIL/content",0,NULL
"493402ef-e894-4260-a4cd-eb7a26770ca1","http://repo.nypl.org/fedora/objects/uuid:8abee0eb-5cb3-bba0-e040-e00a18065f0b/datastreams/THUMBNAIL/content",0,NULL
"1fc08834-8b0b-4b8f-9c69-e1b78cb0ff5e","http://repo.nypl.org/fedora/objects/uuid:8abee0eb-5cb3-bba0-e040-e00a18065f0b/datastreams/WIDE_THUMBNAIL/content",0,NULL
"566cfb38-67ef-4885-9877-7825537cada7","http://repo.nypl.org/fedora/objects/uuid:8abee0eb-5cb3-bba0-e040-e00a18065f0b/datastreams/REFERENCE_THUMBNAIL/content",0,NULL
"89159f62-8e9a-43e0-a62a-8db8ab03cffa","http://repo.nypl.org/fedora/objects/uuid:8abee0eb-5cb4-bba0-e040-e00a18065f0b/datastreams/THUMBNAIL/content",0,NULL
"a487a6c5-03fb-4354-a705-0b59159a768e","http://repo.nypl.org/fedora/objects/uuid:8abee0eb-5cb4-bba0-e040-e00a18065f0b/datastreams/WIDE_THUMBNAIL/content",0,NULL
"2d3e2b25-17f0-471c-bb7e-53112e28c2d6","http://repo.nypl.org/fedora/objects/uuid:8abee0eb-5cb4-bba0-e040-e00a18065f0b/datastreams/REFERENCE_THUMBNAIL/content",0,NULL
"b3040627-47ee-4f10-908a-a05c76f91fee","http://repo.nypl.org/fedora/objects/uuid:8abee0eb-5cb5-bba0-e040-e00a18065f0b/datastreams/REFERENCE_THUMBNAIL/content",0,NULL
"cd5125a2-8edc-4346-aae5-6c1d8ae0bc89","http://repo.nypl.org/fedora/objects/uuid:8abee0eb-5cb5-bba0-e040-e00a18065f0b/datastreams/THUMBNAIL/content",0,NULL
"4e1a41fc-2c4e-462a-a932-6e17c2f4f6d0","http://repo.nypl.org/fedora/objects/uuid:8abee0eb-5cb5-bba0-e040-e00a18065f0b/datastreams/WIDE_THUMBNAIL/content",0,NULL
"6f40f446-da8c-416f-940e-5c1219a3e829","http://repo.nypl.org/fedora/objects/uuid:8abee0eb-5cb6-bba0-e040-e00a18065f0b/datastreams/REFERENCE_THUMBNAIL/content",0,NULL
"1967bf3e-12d3-467f-9f38-1478bc9c57cc","http://repo.nypl.org/fedora/objects/uuid:8abee0eb-5cb6-bba0-e040-e00a18065f0b/datastreams/WIDE_THUMBNAIL/content",0,NULL
"8946fa0c-d244-4c63-8141-f89ccd2b18ff","http://repo.nypl.org/fedora/objects/uuid:8abee0eb-5cb6-bba0-e040-e00a18065f0b/datastreams/THUMBNAIL/content",0,NULL
"4f322ba1-d2b3-44e3-9875-11da2c593688","http://repo.nypl.org/fedora/objects/uuid:8abee0eb-5cb7-bba0-e040-e00a18065f0b/datastreams/THUMBNAIL/content",0,NULL
"0754714c-b97f-4841-aecf-466dd0e38e09","http://repo.nypl.org/fedora/objects/uuid:8abee0eb-5cb7-bba0-e040-e00a18065f0b/datastreams/WIDE_THUMBNAIL/content",0,NULL
"39543f15-5528-44a3-8fa2-e9963673449a","http://repo.nypl.org/fedora/objects/uuid:8abee0eb-5cb7-bba0-e040-e00a18065f0b/datastreams/REFERENCE_THUMBNAIL/content",0,NULL
"fe9edf71-e508-48d9-8b5b-e1dc62dbd42b","http://repo.nypl.org/fedora/objects/uuid:8abee0eb-5cb8-bba0-e040-e00a18065f0b/datastreams/THUMBNAIL/content",0,NULL
"c2238985-da40-4891-b1dd-fa241c4af511","http://repo.nypl.org/fedora/objects/uuid:8abee0eb-5cb8-bba0-e040-e00a18065f0b/datastreams/WIDE_THUMBNAIL/content",0,NULL
"c5f4e3ed-2250-4944-b9a4-8f9051ec71e1","http://repo.nypl.org/fedora/objects/uuid:8abee0eb-5cb8-bba0-e040-e00a18065f0b/datastreams/REFERENCE_THUMBNAIL/content",0,NULL
"94eae6ce-a671-48b0-a7e2-c414e9965224","http://repo.nypl.org/fedora/objects/uuid:8abee0eb-5cb9-bba0-e040-e00a18065f0b/datastreams/THUMBNAIL/content",0,NULL
"9b7f8677-6d16-4f8e-b698-ca69f05012c4","http://repo.nypl.org/fedora/objects/uuid:8abee0eb-5cb9-bba0-e040-e00a18065f0b/datastreams/WIDE_THUMBNAIL/content",0,NULL
"ac76f866-b746-465b-bfd4-e7b390507e5f","http://repo.nypl.org/fedora/objects/uuid:8abee0eb-5cb9-bba0-e040-e00a18065f0b/datastreams/REFERENCE_THUMBNAIL/content",0,NULL
"5592bb6e-5a60-4830-b27d-ae0f31d9ca61","http://repo.nypl.org/fedora/objects/uuid:8abee0eb-5cba-bba0-e040-e00a18065f0b/datastreams/THUMBNAIL/content",0,NULL
"6ca10f6d-ecad-45c8-a8ad-e1e37da3dfcb","http://repo.nypl.org/fedora/objects/uuid:8abee0eb-5cba-bba0-e040-e00a18065f0b/datastreams/WIDE_THUMBNAIL/content",0,NULL
"a61c2303-875e-4ac8-a9f5-0889f865426f","http://repo.nypl.org/fedora/objects/uuid:8abee0eb-5cba-bba0-e040-e00a18065f0b/datastreams/REFERENCE_THUMBNAIL/content",0,NULL
"08784883-dcb5-4d24-a33d-b9652253d966","http://repo.nypl.org/fedora/objects/uuid:8abee0eb-5cbb-bba0-e040-e00a18065f0b/datastreams/THUMBNAIL/content",0,NULL
"70f26fa2-73b5-4662-8cc3-c717ad48642e","http://repo.nypl.org/fedora/objects/uuid:8abee0eb-5cbb-bba0-e040-e00a18065f0b/datastreams/WIDE_THUMBNAIL/content",0,NULL
"82881752-e821-4a87-8019-5962753de96f","http://repo.nypl.org/fedora/objects/uuid:8abee0eb-5cbb-bba0-e040-e00a18065f0b/datastreams/REFERENCE_THUMBNAIL/content",0,NULL
"effbd6a1-09e9-46d7-a52a-2876eb75fc83","http://repo.nypl.org/fedora/objects/uuid:8abee0eb-5cbc-bba0-e040-e00a18065f0b/datastreams/THUMBNAIL/content",0,NULL
"6eb4496d-84e9-4485-bdf0-a12d25e97d44","http://repo.nypl.org/fedora/objects/uuid:8abee0eb-5cbc-bba0-e040-e00a18065f0b/datastreams/WIDE_THUMBNAIL/content",0,NULL
"eeae7d87-77fa-42eb-a75f-dafa6bacce84","http://repo.nypl.org/fedora/objects/uuid:8abee0eb-5cbc-bba0-e040-e00a18065f0b/datastreams/REFERENCE_THUMBNAIL/content",0,NULL
"0bcf635c-c212-4e4b-bb4b-1afa3d8fc45a","http://repo.nypl.org/fedora/objects/uuid:8abee0eb-5cbd-bba0-e040-e00a18065f0b/datastreams/WIDE_THUMBNAIL/content",0,NULL
"119d22eb-a40f-4d98-87f1-0ea205781643","http://repo.nypl.org/fedora/objects/uuid:8abee0eb-5cbd-bba0-e040-e00a18065f0b/datastreams/THUMBNAIL/content",0,NULL
"df81f71b-e96e-42f2-8b75-7507f20030e1","http://repo.nypl.org/fedora/objects/uuid:8abee0eb-5cbd-bba0-e040-e00a18065f0b/datastreams/REFERENCE_THUMBNAIL/content",0,NULL
"e2a273ec-6eb2-4596-8f97-e31d99de1fa3","http://repo.nypl.org/fedora/objects/uuid:8abee0eb-5cbe-bba0-e040-e00a18065f0b/datastreams/THUMBNAIL/content",0,NULL
"0a02459c-c737-464c-b5ab-8975581d7706","http://repo.nypl.org/fedora/objects/uuid:8abee0eb-5cbe-bba0-e040-e00a18065f0b/datastreams/WIDE_THUMBNAIL/content",0,NULL
"b6cf18c7-2429-4a22-ac52-dd7cb6e6a9e4","http://repo.nypl.org/fedora/objects/uuid:8abee0eb-5cbe-bba0-e040-e00a18065f0b/datastreams/REFERENCE_THUMBNAIL/content",0,NULL
"aca394e2-b63b-422b-bd50-5eefb50b0e89","http://repo.nypl.org/fedora/objects/uuid:8abee0eb-5cbf-bba0-e040-e00a18065f0b/datastreams/WIDE_THUMBNAIL/content",0,NULL
"221174da-8900-4536-8d95-5eb95a9913b4","http://repo.nypl.org/fedora/objects/uuid:8abee0eb-5cbf-bba0-e040-e00a18065f0b/datastreams/THUMBNAIL/content",0,NULL
"a334f9c9-b90b-4049-9472-bb61c67b32cc","http://repo.nypl.org/fedora/objects/uuid:8abee0eb-5cbf-bba0-e040-e00a18065f0b/datastreams/REFERENCE_THUMBNAIL/content",0,NULL
"62f417c0-a028-4d52-8e43-54af7575b0e9","http://repo.nypl.org/fedora/objects/uuid:8abee0eb-5cc0-bba0-e040-e00a18065f0b/datastreams/THUMBNAIL/content",0,NULL
"4e559d5b-cadd-40bf-904d-1953d907e614","http://repo.nypl.org/fedora/objects/uuid:8abee0eb-5cc0-bba0-e040-e00a18065f0b/datastreams/WIDE_THUMBNAIL/content",0,NULL
"6543120f-d86a-4807-8278-fb00d7ba0866","http://repo.nypl.org/fedora/objects/uuid:8abee0eb-5cc0-bba0-e040-e00a18065f0b/datastreams/REFERENCE_THUMBNAIL/content",0,NULL
"750b4123-7342-43b3-bfda-50a4e60526fe","http://repo.nypl.org/fedora/objects/uuid:8abee0eb-5cc1-bba0-e040-e00a18065f0b/datastreams/THUMBNAIL/content",0,NULL
"b6d782b4-2858-4242-a875-8a8443856176","http://repo.nypl.org/fedora/objects/uuid:8abee0eb-5cc1-bba0-e040-e00a18065f0b/datastreams/WIDE_THUMBNAIL/content",0,NULL
"4782dc92-15e9-4862-871f-84d51f0a4fab","http://repo.nypl.org/fedora/objects/uuid:8abee0eb-5cc1-bba0-e040-e00a18065f0b/datastreams/REFERENCE_THUMBNAIL/content",0,NULL
"40510d27-271a-4a90-878c-86e6a1cadedb","http://repo.nypl.org/fedora/objects/uuid:8abee0eb-5cc2-bba0-e040-e00a18065f0b/datastreams/WIDE_THUMBNAIL/content",0,NULL
"ca9c9921-32ea-4088-a9cf-a25ff9051993","http://repo.nypl.org/fedora/objects/uuid:8abee0eb-5cc2-bba0-e040-e00a18065f0b/datastreams/THUMBNAIL/content",0,NULL
"afbdaa27-4b25-4b77-b1ba-cd3008fb0c2c","http://repo.nypl.org/fedora/objects/uuid:8abee0eb-5cc2-bba0-e040-e00a18065f0b/datastreams/REFERENCE_THUMBNAIL/content",0,NULL
"a7c8b10e-7589-4a4a-a579-34613b436350","http://repo.nypl.org/fedora/objects/uuid:8abee0eb-5cc3-bba0-e040-e00a18065f0b/datastreams/THUMBNAIL/content",0,NULL
"75957327-9feb-4a52-88dc-a1710103bb58","http://repo.nypl.org/fedora/objects/uuid:8abee0eb-5cc3-bba0-e040-e00a18065f0b/datastreams/WIDE_THUMBNAIL/content",0,NULL
"a172f7d7-356e-4df0-98a0-9cdf605bcf3d","http://repo.nypl.org/fedora/objects/uuid:8abee0eb-5cc3-bba0-e040-e00a18065f0b/datastreams/REFERENCE_THUMBNAIL/content",0,NULL
"86104e55-60e0-4040-a603-103b52d05279","http://repo.nypl.org/fedora/objects/uuid:8abee0eb-5cc4-bba0-e040-e00a18065f0b/datastreams/THUMBNAIL/content",0,NULL
"fa53d46a-fabb-4861-b9c4-7f0020c61a33","http://repo.nypl.org/fedora/objects/uuid:8abee0eb-5cc4-bba0-e040-e00a18065f0b/datastreams/WIDE_THUMBNAIL/content",0,NULL
"74d252fe-388e-4920-82b0-16ab4eeffe6b","http://repo.nypl.org/fedora/objects/uuid:8abee0eb-5cc4-bba0-e040-e00a18065f0b/datastreams/REFERENCE_THUMBNAIL/content",0,NULL
"630635da-6b50-40fd-a86e-219bf6ed5f0f","http://repo.nypl.org/fedora/objects/uuid:8abee0eb-5cc5-bba0-e040-e00a18065f0b/datastreams/THUMBNAIL/content",0,NULL
"50546bf3-53ef-4964-a01b-074f97038bbd","http://repo.nypl.org/fedora/objects/uuid:8abee0eb-5cc5-bba0-e040-e00a18065f0b/datastreams/WIDE_THUMBNAIL/content",0,NULL
"f18c1ed4-e0e1-4443-9a54-6e00d794b72b","http://repo.nypl.org/fedora/objects/uuid:8abee0eb-5cc5-bba0-e040-e00a18065f0b/datastreams/REFERENCE_THUMBNAIL/content",0,NULL
"7e75d805-463e-421a-8714-e86c0ce49a3d","http://repo.nypl.org/fedora/objects/uuid:8abee0eb-5cc6-bba0-e040-e00a18065f0b/datastreams/THUMBNAIL/content",0,NULL
"3000c466-3c98-4a99-98e0-be335646820b","http://repo.nypl.org/fedora/objects/uuid:8abee0eb-5cc6-bba0-e040-e00a18065f0b/datastreams/WIDE_THUMBNAIL/content",0,NULL
"10bd98d0-576d-4e0e-a0df-5a813ae9b5b8","http://repo.nypl.org/fedora/objects/uuid:8abee0eb-5cc6-bba0-e040-e00a18065f0b/datastreams/REFERENCE_THUMBNAIL/content",0,NULL
"ecbdc65a-520f-4274-9b0e-759fa63a6d16","http://repo.nypl.org/fedora/objects/uuid:8abee0eb-5cc7-bba0-e040-e00a18065f0b/datastreams/THUMBNAIL/content",0,NULL
"45fbfe18-441d-47d9-9d43-4cf0f65fe85d","http://repo.nypl.org/fedora/objects/uuid:8abee0eb-5cc7-bba0-e040-e00a18065f0b/datastreams/WIDE_THUMBNAIL/content",0,NULL
"61df82bd-688d-4ad6-aab2-16c75cb9720f","http://repo.nypl.org/fedora/objects/uuid:8abee0eb-5cc7-bba0-e040-e00a18065f0b/datastreams/REFERENCE_THUMBNAIL/content",0,NULL
"9a6ca4fa-c5bd-4923-a9d6-8aaa7ba8d1c5","http://repo.nypl.org/fedora/objects/uuid:8abee0eb-5cc8-bba0-e040-e00a18065f0b/datastreams/THUMBNAIL/content",0,NULL
"6abbe564-6a6d-446c-84b4-5504b818c7eb","http://repo.nypl.org/fedora/objects/uuid:8abee0eb-5cc8-bba0-e040-e00a18065f0b/datastreams/WIDE_THUMBNAIL/content",0,NULL
"f29ec1f2-8083-4213-99a0-86490f139376","http://repo.nypl.org/fedora/objects/uuid:8abee0eb-5cc8-bba0-e040-e00a18065f0b/datastreams/REFERENCE_THUMBNAIL/content",0,NULL
"fe8b6169-0b7a-4ff2-a3dd-4953d928b740","http://repo.nypl.org/fedora/objects/uuid:8abee0eb-5cc9-bba0-e040-e00a18065f0b/datastreams/THUMBNAIL/content",0,NULL
"f0d9ba3f-2f53-42b2-bcf9-4d372c72524c","http://repo.nypl.org/fedora/objects/uuid:8abee0eb-5cc9-bba0-e040-e00a18065f0b/datastreams/WIDE_THUMBNAIL/content",0,NULL
"028e7594-0370-4c48-b72e-4ca83a7edca1","http://repo.nypl.org/fedora/objects/uuid:8abee0eb-5cc9-bba0-e040-e00a18065f0b/datastreams/REFERENCE_THUMBNAIL/content",0,NULL
"5999c5fe-60ec-4d0b-9aa2-c13251d57bc9","http://repo.nypl.org/fedora/objects/uuid:8af92eb1-a0a5-0320-e040-e00a1806456f/datastreams/WIDE_THUMBNAIL/content",0,NULL
"3faa6a00-6066-4844-9eb0-d9f7309a2bee","http://repo.nypl.org/fedora/objects/uuid:8af92eb1-a0a5-0320-e040-e00a1806456f/datastreams/THUMBNAIL/content",0,NULL
"dbaf878f-b606-4b6b-bf96-871cd4d923a3","http://repo.nypl.org/fedora/objects/uuid:8af92eb1-a0a5-0320-e040-e00a1806456f/datastreams/REFERENCE_THUMBNAIL/content",0,NULL
"96b6e563-3768-4473-a4bc-5022b1153d68","http://repo.nypl.org/fedora/objects/uuid:8af92eb1-a0a6-0320-e040-e00a1806456f/datastreams/THUMBNAIL/content",0,NULL
"3fa6fe50-198d-44db-81e2-eb425505b700","http://repo.nypl.org/fedora/objects/uuid:8af92eb1-a0a6-0320-e040-e00a1806456f/datastreams/WIDE_THUMBNAIL/content",0,NULL
"2d119d03-564c-44c2-b0d7-062e8379dd6b","http://repo.nypl.org/fedora/objects/uuid:8af92eb1-a0a6-0320-e040-e00a1806456f/datastreams/REFERENCE_THUMBNAIL/content",0,NULL
"e5329f7e-7253-4fdc-bdd9-1084fe9b78e7","http://repo.nypl.org/fedora/objects/uuid:8af95071-bc42-a4e1-e040-e00a18064503/datastreams/WIDE_THUMBNAIL/content",0,NULL
"97ea37f1-4cf9-4b7a-92d1-f484cb625a9d","http://repo.nypl.org/fedora/objects/uuid:8af95071-bc42-a4e1-e040-e00a18064503/datastreams/THUMBNAIL/content",0,NULL
"689c5aca-cb01-45ea-bfc2-2e161249d28b","http://repo.nypl.org/fedora/objects/uuid:8af95071-bc42-a4e1-e040-e00a18064503/datastreams/REFERENCE_THUMBNAIL/content",0,NULL
"c9d87d36-3b29-4a8d-aa9e-b3c1b954c39c","http://repo.nypl.org/fedora/objects/uuid:8af95071-bc43-a4e1-e040-e00a18064503/datastreams/THUMBNAIL/content",0,NULL
"72d89c1f-23b1-477a-9980-653ba2024101","http://repo.nypl.org/fedora/objects/uuid:8af95071-bc43-a4e1-e040-e00a18064503/datastreams/WIDE_THUMBNAIL/content",0,NULL
"3fd7871c-5570-4544-b868-5f6560f541e9","http://repo.nypl.org/fedora/objects/uuid:8af95071-bc43-a4e1-e040-e00a18064503/datastreams/REFERENCE_THUMBNAIL/content",0,NULL
"bb797cfc-3719-4eff-bf05-fc45a73f512c","http://repo.nypl.org/fedora/objects/uuid:8af95071-bc44-a4e1-e040-e00a18064503/datastreams/THUMBNAIL/content",0,NULL
"d500498f-2928-442f-815f-20f7286cb034","http://repo.nypl.org/fedora/objects/uuid:8af95071-bc44-a4e1-e040-e00a18064503/datastreams/WIDE_THUMBNAIL/content",0,NULL
"dfbf7121-11e3-43bf-8f7d-59f40cbeaff0","http://repo.nypl.org/fedora/objects/uuid:8af95071-bc44-a4e1-e040-e00a18064503/datastreams/REFERENCE_THUMBNAIL/content",0,NULL
"c1660cf8-c998-4501-9a7b-d9860e27556c","http://repo.nypl.org/fedora/objects/uuid:8af95071-bc45-a4e1-e040-e00a18064503/datastreams/THUMBNAIL/content",0,NULL
"893bbf20-ed7e-4a04-9274-77eae5353a6b","http://repo.nypl.org/fedora/objects/uuid:8af95071-bc45-a4e1-e040-e00a18064503/datastreams/WIDE_THUMBNAIL/content",0,NULL
"a0e65d4e-3a2d-4ffe-a012-519d1f33114e","http://repo.nypl.org/fedora/objects/uuid:8af95071-bc45-a4e1-e040-e00a18064503/datastreams/REFERENCE_THUMBNAIL/content",0,NULL
"5b682d2c-a4b7-4b42-9cb4-39dbff0e9c5b","http://repo.nypl.org/fedora/objects/uuid:8af95071-bc46-a4e1-e040-e00a18064503/datastreams/THUMBNAIL/content",0,NULL
"bca49800-7b6a-4356-b8bd-fb92052649bd","http://repo.nypl.org/fedora/objects/uuid:8af95071-bc46-a4e1-e040-e00a18064503/datastreams/WIDE_THUMBNAIL/content",0,NULL
"6697418c-9024-4ed5-90fd-8c015c011557","http://repo.nypl.org/fedora/objects/uuid:8af95071-bc46-a4e1-e040-e00a18064503/datastreams/REFERENCE_THUMBNAIL/content",0,NULL
"a7199135-6d1f-4e0c-914e-4f85a4d9891c","http://repo.nypl.org/fedora/objects/uuid:8af95071-bc47-a4e1-e040-e00a18064503/datastreams/THUMBNAIL/content",0,NULL
"6b07575d-5469-4e19-9dfc-9b10f7a9b904","http://repo.nypl.org/fedora/objects/uuid:8af95071-bc47-a4e1-e040-e00a18064503/datastreams/WIDE_THUMBNAIL/content",0,NULL
"8c03da31-dade-420a-ba23-0ea3eda93a70","http://repo.nypl.org/fedora/objects/uuid:8af95071-bc47-a4e1-e040-e00a18064503/datastreams/REFERENCE_THUMBNAIL/content",0,NULL
"cd77195a-a7d6-4dd7-bb70-3dedb4a28cf9","http://repo.nypl.org/fedora/objects/uuid:8af95071-bc48-a4e1-e040-e00a18064503/datastreams/THUMBNAIL/content",0,NULL
"a6823812-923d-41b4-91f4-0e7b77f53e51","http://repo.nypl.org/fedora/objects/uuid:8af95071-bc48-a4e1-e040-e00a18064503/datastreams/WIDE_THUMBNAIL/content",0,NULL
"8ef658ed-88c7-4d7e-997e-d3c21287cb3f","http://repo.nypl.org/fedora/objects/uuid:8af95071-bc48-a4e1-e040-e00a18064503/datastreams/REFERENCE_THUMBNAIL/content",0,NULL
"3749ad58-02eb-41ff-85ba-1e96a56438ba","http://repo.nypl.org/fedora/objects/uuid:8af95071-bc49-a4e1-e040-e00a18064503/datastreams/THUMBNAIL/content",0,NULL
"aa14a07e-fbd8-45a6-9195-7a3f571dfbcc","http://repo.nypl.org/fedora/objects/uuid:8af95071-bc49-a4e1-e040-e00a18064503/datastreams/WIDE_THUMBNAIL/content",0,NULL
"7b09945d-c5b6-4287-98a0-50b731d780b7","http://repo.nypl.org/fedora/objects/uuid:8af95071-bc49-a4e1-e040-e00a18064503/datastreams/REFERENCE_THUMBNAIL/content",0,NULL
"b87b8348-90d3-4e61-85bc-2c7c5f209654","http://repo.nypl.org/fedora/objects/uuid:8af95071-bc4a-a4e1-e040-e00a18064503/datastreams/THUMBNAIL/content",0,NULL
"ff37daef-7b5e-41f0-a37a-df373e8c086b","http://repo.nypl.org/fedora/objects/uuid:8af95071-bc4a-a4e1-e040-e00a18064503/datastreams/WIDE_THUMBNAIL/content",0,NULL
"a7aec0f3-386f-48bc-8107-d7ec8d2dd908","http://repo.nypl.org/fedora/objects/uuid:8af95071-bc4a-a4e1-e040-e00a18064503/datastreams/REFERENCE_THUMBNAIL/content",0,NULL
"97ced924-5c8e-498d-b73e-193724586567","http://repo.nypl.org/fedora/objects/uuid:8af95071-bc4b-a4e1-e040-e00a18064503/datastreams/THUMBNAIL/content",0,NULL
"d2bf7904-aa15-4d03-bd0a-ed629fbe1849","http://repo.nypl.org/fedora/objects/uuid:8af95071-bc4b-a4e1-e040-e00a18064503/datastreams/WIDE_THUMBNAIL/content",0,NULL
"6b35c72e-7ffb-4769-8028-c554126e47f4","http://repo.nypl.org/fedora/objects/uuid:8af95071-bc4b-a4e1-e040-e00a18064503/datastreams/REFERENCE_THUMBNAIL/content",0,NULL
"9b746052-ce6a-4d4c-a76d-68d7a32e229d","http://repo.nypl.org/fedora/objects/uuid:8af95071-bc4c-a4e1-e040-e00a18064503/datastreams/THUMBNAIL/content",0,NULL
"c8398621-d332-489b-942f-b67e33dc3fcf","http://repo.nypl.org/fedora/objects/uuid:8af95071-bc4c-a4e1-e040-e00a18064503/datastreams/WIDE_THUMBNAIL/content",0,NULL
"498630da-dfd7-4f72-900d-b1e08c07ed8e","http://repo.nypl.org/fedora/objects/uuid:8af95071-bc4c-a4e1-e040-e00a18064503/datastreams/REFERENCE_THUMBNAIL/content",0,NULL
"0fcca708-7672-4f61-b4f5-a61b3c8d0721","http://repo.nypl.org/fedora/objects/uuid:8af95071-bc4d-a4e1-e040-e00a18064503/datastreams/WIDE_THUMBNAIL/content",0,NULL
"d4718279-e866-4147-b7fe-6242fb03da4d","http://repo.nypl.org/fedora/objects/uuid:8af95071-bc4d-a4e1-e040-e00a18064503/datastreams/THUMBNAIL/content",0,NULL
"217af1dd-40de-4570-af49-ff40da0f0293","http://repo.nypl.org/fedora/objects/uuid:8af95071-bc4d-a4e1-e040-e00a18064503/datastreams/REFERENCE_THUMBNAIL/content",0,NULL
"d0aaf4bd-9b30-47ed-830d-28d2439c5012","http://repo.nypl.org/fedora/objects/uuid:8af95071-bc4e-a4e1-e040-e00a18064503/datastreams/THUMBNAIL/content",0,NULL
"b12803de-8eac-4635-835e-7017114e2ac2","http://repo.nypl.org/fedora/objects/uuid:8af95071-bc4e-a4e1-e040-e00a18064503/datastreams/WIDE_THUMBNAIL/content",0,NULL
"5b721b9e-0b43-4ed2-84f7-c4142e60f62e","http://repo.nypl.org/fedora/objects/uuid:8af95071-bc4e-a4e1-e040-e00a18064503/datastreams/REFERENCE_THUMBNAIL/content",0,NULL
"61b41dee-0685-40c9-8fe9-f0431356adef","http://repo.nypl.org/fedora/objects/uuid:8af95071-bc4f-a4e1-e040-e00a18064503/datastreams/WIDE_THUMBNAIL/content",0,NULL
"ac8dafc6-1ab6-45c4-a6d8-79a9ffdbd4e0","http://repo.nypl.org/fedora/objects/uuid:8af95071-bc4f-a4e1-e040-e00a18064503/datastreams/THUMBNAIL/content",0,NULL
"fb8cd891-bbe3-472a-8f52-84d164bfeb3f","http://repo.nypl.org/fedora/objects/uuid:8af95071-bc4f-a4e1-e040-e00a18064503/datastreams/REFERENCE_THUMBNAIL/content",0,NULL
"ae702717-eff3-4fdf-a199-396884952ede","http://repo.nypl.org/fedora/objects/uuid:8af95071-bc50-a4e1-e040-e00a18064503/datastreams/THUMBNAIL/content",0,NULL
"4982830d-ad43-429a-9aca-c22ce299a1af","http://repo.nypl.org/fedora/objects/uuid:8af95071-bc50-a4e1-e040-e00a18064503/datastreams/WIDE_THUMBNAIL/content",0,NULL
"4a2a26d4-45cd-4ac9-a6e9-583a00e9b3f2","http://repo.nypl.org/fedora/objects/uuid:8af95071-bc50-a4e1-e040-e00a18064503/datastreams/REFERENCE_THUMBNAIL/content",0,NULL
"20b35400-dd04-4972-b193-eaa9e42d0ff9","http://repo.nypl.org/fedora/objects/uuid:8af95071-bc51-a4e1-e040-e00a18064503/datastreams/THUMBNAIL/content",0,NULL
"b45920a5-d42a-4feb-b593-1fd850681c00","http://repo.nypl.org/fedora/objects/uuid:8af95071-bc51-a4e1-e040-e00a18064503/datastreams/WIDE_THUMBNAIL/content",0,NULL
"0e739e60-ee6d-491d-9354-fb4c5c3756b0","http://repo.nypl.org/fedora/objects/uuid:8af95071-bc51-a4e1-e040-e00a18064503/datastreams/REFERENCE_THUMBNAIL/content",0,NULL
"e346ad66-0d43-4661-ba8c-ee5f1db09d81","http://repo.nypl.org/fedora/objects/uuid:8af95071-bc52-a4e1-e040-e00a18064503/datastreams/THUMBNAIL/content",0,NULL
"70bc44ca-e4b4-4d1e-97d4-1125ccbba604","http://repo.nypl.org/fedora/objects/uuid:8af95071-bc52-a4e1-e040-e00a18064503/datastreams/WIDE_THUMBNAIL/content",0,NULL
"25a09629-8f07-47ef-9e95-b8ecc03a2e41","http://repo.nypl.org/fedora/objects/uuid:8af95071-bc52-a4e1-e040-e00a18064503/datastreams/REFERENCE_THUMBNAIL/content",0,NULL
"edccd695-d10d-4c60-95d5-a3c1d25eb449","http://repo.nypl.org/fedora/objects/uuid:8af95071-bc53-a4e1-e040-e00a18064503/datastreams/REFERENCE_THUMBNAIL/content",0,NULL
"ed555565-1a56-4644-8588-7d332109e0fd","http://repo.nypl.org/fedora/objects/uuid:8af95071-bc53-a4e1-e040-e00a18064503/datastreams/WIDE_THUMBNAIL/content",0,NULL
"f10e1538-cadf-4f8c-8f15-9536a1bbb918","http://repo.nypl.org/fedora/objects/uuid:8af95071-bc53-a4e1-e040-e00a18064503/datastreams/THUMBNAIL/content",0,NULL
"7bebab43-64a4-4b78-9dbd-857eb2d42a36","http://repo.nypl.org/fedora/objects/uuid:8af95071-bc54-a4e1-e040-e00a18064503/datastreams/THUMBNAIL/content",0,NULL
"301f8ffa-b2da-4233-9e0f-0c2388beffb1","http://repo.nypl.org/fedora/objects/uuid:8af95071-bc54-a4e1-e040-e00a18064503/datastreams/WIDE_THUMBNAIL/content",0,NULL
"4efd0939-5f69-4b12-bb27-1c6f426fceb5","http://repo.nypl.org/fedora/objects/uuid:8af95071-bc54-a4e1-e040-e00a18064503/datastreams/REFERENCE_THUMBNAIL/content",0,NULL
"bba3cce8-24cc-43ee-b6e8-de2287194012","http://repo.nypl.org/fedora/objects/uuid:8af95071-bc55-a4e1-e040-e00a18064503/datastreams/WIDE_THUMBNAIL/content",0,NULL
"53695995-961e-4245-972e-e2fe4bbd325b","http://repo.nypl.org/fedora/objects/uuid:8af95071-bc55-a4e1-e040-e00a18064503/datastreams/THUMBNAIL/content",0,NULL
"64977ab5-b745-4689-9166-2aa7f57242e4","http://repo.nypl.org/fedora/objects/uuid:8af95071-bc55-a4e1-e040-e00a18064503/datastreams/REFERENCE_THUMBNAIL/content",0,NULL
"2a66f40f-f831-45b5-9867-602aedbb35bc","http://repo.nypl.org/fedora/objects/uuid:8af95071-bc56-a4e1-e040-e00a18064503/datastreams/THUMBNAIL/content",0,NULL
"7d6232aa-ec6d-49db-8057-987730e38258","http://repo.nypl.org/fedora/objects/uuid:8af95071-bc56-a4e1-e040-e00a18064503/datastreams/WIDE_THUMBNAIL/content",0,NULL
"c478c769-ff03-4c11-bccf-82465403b671","http://repo.nypl.org/fedora/objects/uuid:8af95071-bc56-a4e1-e040-e00a18064503/datastreams/REFERENCE_THUMBNAIL/content",0,NULL
"de36dd72-7670-454f-a4d4-4fe6a6a485bd","http://repo.nypl.org/fedora/objects/uuid:8af95071-bc57-a4e1-e040-e00a18064503/datastreams/THUMBNAIL/content",0,NULL
"5397ed06-8edf-4bbc-b3ed-64fe9b35563e","http://repo.nypl.org/fedora/objects/uuid:8af95071-bc57-a4e1-e040-e00a18064503/datastreams/WIDE_THUMBNAIL/content",0,NULL
"6ed45e4e-a38b-42a0-90be-e267c5a6011c","http://repo.nypl.org/fedora/objects/uuid:8af95071-bc57-a4e1-e040-e00a18064503/datastreams/REFERENCE_THUMBNAIL/content",0,NULL
"64d1214e-e58a-4698-b962-f50c5b1fe1a5","http://repo.nypl.org/fedora/objects/uuid:8af95071-bc58-a4e1-e040-e00a18064503/datastreams/REFERENCE_THUMBNAIL/content",0,NULL
"4ff1c6e9-d1ce-4129-b74d-87c30f4cbc76","http://repo.nypl.org/fedora/objects/uuid:8af95071-bc58-a4e1-e040-e00a18064503/datastreams/THUMBNAIL/content",0,NULL
"4a78139c-c328-495c-9adc-a0a75feaccd3","http://repo.nypl.org/fedora/objects/uuid:8af95071-bc58-a4e1-e040-e00a18064503/datastreams/WIDE_THUMBNAIL/content",0,NULL
"c781458a-1d61-4610-84d1-e154054147e7","http://repo.nypl.org/fedora/objects/uuid:8af95071-bc59-a4e1-e040-e00a18064503/datastreams/JP2/content",0,NULL
"a6940d7a-962e-4d4e-a1b6-c00a1c6ee907","http://repo.nypl.org/fedora/objects/uuid:8af95071-bc59-a4e1-e040-e00a18064503/datastreams/THUMBNAIL/content",0,NULL
"f13b7616-d93d-4c15-8ee6-145fa21fe924","http://repo.nypl.org/fedora/objects/uuid:8af95071-bc59-a4e1-e040-e00a18064503/datastreams/WIDE_THUMBNAIL/content",0,NULL
"cdfe6259-f14f-4a6e-b8de-dcecac043c3c","http://repo.nypl.org/fedora/objects/uuid:8af95071-bc59-a4e1-e040-e00a18064503/datastreams/REFERENCE_THUMBNAIL/content",0,NULL
"6dbdda31-6fd0-4956-8d5d-cd572c9afc00","http://repo.nypl.org/fedora/objects/uuid:8af95071-bc5a-a4e1-e040-e00a18064503/datastreams/THUMBNAIL/content",0,NULL
"41b62907-94fa-4eb5-8a3f-021c8e879f5c","http://repo.nypl.org/fedora/objects/uuid:8af95071-bc5a-a4e1-e040-e00a18064503/datastreams/WIDE_THUMBNAIL/content",0,NULL
"6813964a-b4c0-4316-9ef1-c716272bcdd9","http://repo.nypl.org/fedora/objects/uuid:8af95071-bc5a-a4e1-e040-e00a18064503/datastreams/REFERENCE_THUMBNAIL/content",0,NULL
"ce93297a-0580-4709-963d-cbb0e2e4497e","http://repo.nypl.org/fedora/objects/uuid:8af95071-bc5b-a4e1-e040-e00a18064503/datastreams/WIDE_THUMBNAIL/content",0,NULL
"35e8accd-b33b-4cf2-a23f-de8b4e385119","http://repo.nypl.org/fedora/objects/uuid:8af95071-bc5b-a4e1-e040-e00a18064503/datastreams/THUMBNAIL/content",0,NULL
"b1ad0c6d-cbb2-4f3f-a491-cd93149807e2","http://repo.nypl.org/fedora/objects/uuid:8af95071-bc5b-a4e1-e040-e00a18064503/datastreams/REFERENCE_THUMBNAIL/content",0,NULL
"53ec2761-3f9c-4c02-b65c-0414bcce13ab","http://repo.nypl.org/fedora/objects/uuid:8af95071-bc5c-a4e1-e040-e00a18064503/datastreams/THUMBNAIL/content",0,NULL
"fa66e172-0d7a-4b24-a9a1-a87cf2d37ce2","http://repo.nypl.org/fedora/objects/uuid:8af95071-bc5c-a4e1-e040-e00a18064503/datastreams/WIDE_THUMBNAIL/content",0,NULL
"2e815414-7141-480b-a5e9-a29b20d3a8dd","http://repo.nypl.org/fedora/objects/uuid:8af95071-bc5c-a4e1-e040-e00a18064503/datastreams/REFERENCE_THUMBNAIL/content",0,NULL
"65abfd61-52f5-4deb-ba12-319277e2cb9a","http://repo.nypl.org/fedora/objects/uuid:8af95071-bc5d-a4e1-e040-e00a18064503/datastreams/THUMBNAIL/content",0,NULL
"67d81ace-5587-4114-8dd6-6940e5244220","http://repo.nypl.org/fedora/objects/uuid:8af95071-bc5d-a4e1-e040-e00a18064503/datastreams/WIDE_THUMBNAIL/content",0,NULL
"1cb7ffb1-f133-4913-bf47-ca3c6098c874","http://repo.nypl.org/fedora/objects/uuid:8af95071-bc5d-a4e1-e040-e00a18064503/datastreams/REFERENCE_THUMBNAIL/content",0,NULL
"12209869-bae7-4e9b-84fe-5e9ad25a0086","http://repo.nypl.org/fedora/objects/uuid:8af95071-bc5e-a4e1-e040-e00a18064503/datastreams/REFERENCE_THUMBNAIL/content",0,NULL
"4d361f95-f1f5-4f69-b0e1-70c467c2c495","http://repo.nypl.org/fedora/objects/uuid:8af95071-bc5e-a4e1-e040-e00a18064503/datastreams/THUMBNAIL/content",0,NULL
"26501877-ced3-4b1e-9423-d78f138b2e12","http://repo.nypl.org/fedora/objects/uuid:8af95071-bc5e-a4e1-e040-e00a18064503/datastreams/WIDE_THUMBNAIL/content",0,NULL
"8264ca04-ead5-4472-921f-7a8d5e859e7a","http://repo.nypl.org/fedora/objects/uuid:8af95071-bc5f-a4e1-e040-e00a18064503/datastreams/THUMBNAIL/content",0,NULL
"cfe57157-6c2c-4e21-96de-81863a17cd34","http://repo.nypl.org/fedora/objects/uuid:8af95071-bc5f-a4e1-e040-e00a18064503/datastreams/WIDE_THUMBNAIL/content",0,NULL
"d4c71699-fdf6-413c-8481-4287dc87b934","http://repo.nypl.org/fedora/objects/uuid:8af95071-bc5f-a4e1-e040-e00a18064503/datastreams/REFERENCE_THUMBNAIL/content",0,NULL
"16ebc4e9-578a-4cbf-9516-a96825bd8587","http://repo.nypl.org/fedora/objects/uuid:8af95071-bc60-a4e1-e040-e00a18064503/datastreams/THUMBNAIL/content",0,NULL
"f29058c4-c1e8-4b61-84c1-8a1e3e8238e8","http://repo.nypl.org/fedora/objects/uuid:8af95071-bc60-a4e1-e040-e00a18064503/datastreams/WIDE_THUMBNAIL/content",0,NULL
"026e8e9c-5031-45f7-bbd0-4336118ce5fa","http://repo.nypl.org/fedora/objects/uuid:8af95071-bc60-a4e1-e040-e00a18064503/datastreams/REFERENCE_THUMBNAIL/content",0,NULL
"95e38cf1-a073-421a-b3a0-b4874e6f9124","http://repo.nypl.org/fedora/objects/uuid:8af95071-bc61-a4e1-e040-e00a18064503/datastreams/THUMBNAIL/content",0,NULL
"3285b71b-58d5-470e-8a25-4888ad658a7d","http://repo.nypl.org/fedora/objects/uuid:8af95071-bc61-a4e1-e040-e00a18064503/datastreams/WIDE_THUMBNAIL/content",0,NULL
"dd2d30af-b19c-459f-904b-bec75839ee2d","http://repo.nypl.org/fedora/objects/uuid:8af95071-bc61-a4e1-e040-e00a18064503/datastreams/REFERENCE_THUMBNAIL/content",0,NULL
"66e51633-0204-4fb9-b62d-15eaccb8f2ff","http://repo.nypl.org/fedora/objects/uuid:8af95071-bc62-a4e1-e040-e00a18064503/datastreams/THUMBNAIL/content",0,NULL
"ff712fb8-2876-4bb7-934d-b92ccdbb3e6a","http://repo.nypl.org/fedora/objects/uuid:8af95071-bc62-a4e1-e040-e00a18064503/datastreams/WIDE_THUMBNAIL/content",0,NULL
"3c36d616-a037-431e-a576-f49ab48af15b","http://repo.nypl.org/fedora/objects/uuid:8af95071-bc62-a4e1-e040-e00a18064503/datastreams/REFERENCE_THUMBNAIL/content",0,NULL
"f5d40ff9-dfff-42b6-8799-231a1a8b368e","http://repo.nypl.org/fedora/objects/uuid:8af95071-bc63-a4e1-e040-e00a18064503/datastreams/THUMBNAIL/content",0,NULL
"d09e253e-3c81-41e1-99f0-179234d6f77f","http://repo.nypl.org/fedora/objects/uuid:8af95071-bc63-a4e1-e040-e00a18064503/datastreams/WIDE_THUMBNAIL/content",0,NULL
"bc7fc2db-475a-48f8-b550-7f7375b8d5a9","http://repo.nypl.org/fedora/objects/uuid:8af95071-bc63-a4e1-e040-e00a18064503/datastreams/REFERENCE_THUMBNAIL/content",0,NULL
"b33f1cd5-9772-4e3d-8a8b-e4ed530fc98c","http://repo.nypl.org/fedora/objects/uuid:8af95071-bc64-a4e1-e040-e00a18064503/datastreams/THUMBNAIL/content",0,NULL
"b81d358d-4579-4254-a147-8b890c89e17a","http://repo.nypl.org/fedora/objects/uuid:8af95071-bc64-a4e1-e040-e00a18064503/datastreams/WIDE_THUMBNAIL/content",0,NULL
"2f4fc59e-0a28-4ef8-bc67-a1c96a5fa231","http://repo.nypl.org/fedora/objects/uuid:8af95071-bc64-a4e1-e040-e00a18064503/datastreams/REFERENCE_THUMBNAIL/content",0,NULL
"ac6e082e-d20b-4d8f-ac03-47a47265786f","http://repo.nypl.org/fedora/objects/uuid:8af95071-bc65-a4e1-e040-e00a18064503/datastreams/THUMBNAIL/content",0,NULL
"793f0a17-3616-4574-96c6-596aca832391","http://repo.nypl.org/fedora/objects/uuid:8af95071-bc65-a4e1-e040-e00a18064503/datastreams/WIDE_THUMBNAIL/content",0,NULL
"15907f8e-2c1b-48e0-bf1d-1fdc3e520fe0","http://repo.nypl.org/fedora/objects/uuid:8af95071-bc65-a4e1-e040-e00a18064503/datastreams/REFERENCE_THUMBNAIL/content",0,NULL
"11dc9fbb-42bb-4db3-bb3b-6263df202acd","http://repo.nypl.org/fedora/objects/uuid:8af95071-bc66-a4e1-e040-e00a18064503/datastreams/WIDE_THUMBNAIL/content",0,NULL
"edb6d74f-2cbb-46be-b2b9-a1387b37bbfa","http://repo.nypl.org/fedora/objects/uuid:8af95071-bc66-a4e1-e040-e00a18064503/datastreams/THUMBNAIL/content",0,NULL
"a091c06b-e794-4936-8ef3-621005eaae90","http://repo.nypl.org/fedora/objects/uuid:8af95071-bc66-a4e1-e040-e00a18064503/datastreams/REFERENCE_THUMBNAIL/content",0,NULL
"d20abe50-8eef-4c41-ab0e-70cf3683cfb4","http://repo.nypl.org/fedora/objects/uuid:8af95071-bc67-a4e1-e040-e00a18064503/datastreams/THUMBNAIL/content",0,NULL
"1b1e65bc-3b85-4c6e-85cd-ffe63e7cb40c","http://repo.nypl.org/fedora/objects/uuid:8af95071-bc67-a4e1-e040-e00a18064503/datastreams/WIDE_THUMBNAIL/content",0,NULL
"0533d407-35fb-407d-9671-4451bf1e7862","http://repo.nypl.org/fedora/objects/uuid:8af95071-bc67-a4e1-e040-e00a18064503/datastreams/REFERENCE_THUMBNAIL/content",0,NULL
"259f3c42-4f34-48f7-85af-507cba565851","http://repo.nypl.org/fedora/objects/uuid:8af95071-bc68-a4e1-e040-e00a18064503/datastreams/WIDE_THUMBNAIL/content",0,NULL
"8512f3e9-0bdd-4e5e-b9ea-dfade76d3d8c","http://repo.nypl.org/fedora/objects/uuid:8af95071-bc68-a4e1-e040-e00a18064503/datastreams/THUMBNAIL/content",0,NULL
"6f3d4e8f-348d-4ca1-88ee-a1c3514f2a06","http://repo.nypl.org/fedora/objects/uuid:8af95071-bc68-a4e1-e040-e00a18064503/datastreams/REFERENCE_THUMBNAIL/content",0,NULL
"1dbdd282-92ad-493c-9e2f-9b5e982a54d9","http://repo.nypl.org/fedora/objects/uuid:8af95071-bc69-a4e1-e040-e00a18064503/datastreams/THUMBNAIL/content",0,NULL
"d3cf9702-b9b0-4a4b-bed8-72ec955685ce","http://repo.nypl.org/fedora/objects/uuid:8af95071-bc69-a4e1-e040-e00a18064503/datastreams/WIDE_THUMBNAIL/content",0,NULL
"43b3a916-8249-406b-af3d-c17c10aee7e6","http://repo.nypl.org/fedora/objects/uuid:8af95071-bc69-a4e1-e040-e00a18064503/datastreams/REFERENCE_THUMBNAIL/content",0,NULL
"27c46ec5-1a96-4f17-9afb-2ab79a493b3a","http://repo.nypl.org/fedora/objects/uuid:8af95071-bc6a-a4e1-e040-e00a18064503/datastreams/THUMBNAIL/content",0,NULL
"c0a3f988-3b21-4ec7-9d4d-46741446665f","http://repo.nypl.org/fedora/objects/uuid:8af95071-bc6a-a4e1-e040-e00a18064503/datastreams/WIDE_THUMBNAIL/content",0,NULL
"5a7c8444-9008-49db-a517-254945a48472","http://repo.nypl.org/fedora/objects/uuid:8af95071-bc6a-a4e1-e040-e00a18064503/datastreams/REFERENCE_THUMBNAIL/content",0,NULL
"0a476860-8195-4eca-bfe8-fe7f81d9e0cc","http://repo.nypl.org/fedora/objects/uuid:8af95071-bc6b-a4e1-e040-e00a18064503/datastreams/WIDE_THUMBNAIL/content",0,NULL
"f6bd5bdd-c56a-4c7e-8e9e-fe6d70cfc40c","http://repo.nypl.org/fedora/objects/uuid:8af95071-bc6b-a4e1-e040-e00a18064503/datastreams/THUMBNAIL/content",0,NULL
"58f95c84-6d52-4e82-8bc0-33c55db46b5a","http://repo.nypl.org/fedora/objects/uuid:8af95071-bc6b-a4e1-e040-e00a18064503/datastreams/REFERENCE_THUMBNAIL/content",0,NULL
"4bbe9632-a184-4cec-b8ff-2dbba8ded59f","http://repo.nypl.org/fedora/objects/uuid:8af95071-bc6c-a4e1-e040-e00a18064503/datastreams/THUMBNAIL/content",0,NULL
"c34523c3-6c5d-4e81-90d2-30b4522bdf77","http://repo.nypl.org/fedora/objects/uuid:8af95071-bc6c-a4e1-e040-e00a18064503/datastreams/WIDE_THUMBNAIL/content",0,NULL
"035e0579-bb17-4a4a-9ad6-2870241235e5","http://repo.nypl.org/fedora/objects/uuid:8af95071-bc6c-a4e1-e040-e00a18064503/datastreams/REFERENCE_THUMBNAIL/content",0,NULL
"45a41ecf-0b52-4dde-9b69-612729f7cce1","http://repo.nypl.org/fedora/objects/uuid:8af95071-bc6d-a4e1-e040-e00a18064503/datastreams/THUMBNAIL/content",0,NULL
"3511ef26-46be-4cdf-9bd3-575724984bc2","http://repo.nypl.org/fedora/objects/uuid:8af95071-bc6d-a4e1-e040-e00a18064503/datastreams/WIDE_THUMBNAIL/content",0,NULL
"7be1fac1-b454-4b00-8141-b13ea64fee19","http://repo.nypl.org/fedora/objects/uuid:8af95071-bc6d-a4e1-e040-e00a18064503/datastreams/REFERENCE_THUMBNAIL/content",0,NULL
"68bf6189-d7c4-4b8a-b9c8-ccf1321becc4","http://repo.nypl.org/fedora/objects/uuid:8af95071-bc6e-a4e1-e040-e00a18064503/datastreams/THUMBNAIL/content",0,NULL
"c5b97030-30d4-406a-85f9-e6754a47fea6","http://repo.nypl.org/fedora/objects/uuid:8af95071-bc6e-a4e1-e040-e00a18064503/datastreams/WIDE_THUMBNAIL/content",0,NULL
"35c9d084-19fb-4ea7-acca-a06fe56f6eee","http://repo.nypl.org/fedora/objects/uuid:8af95071-bc6e-a4e1-e040-e00a18064503/datastreams/REFERENCE_THUMBNAIL/content",0,NULL
"86b3c690-61eb-4fa0-af8b-16a774f2f7f6","http://repo.nypl.org/fedora/objects/uuid:8af95071-bc6f-a4e1-e040-e00a18064503/datastreams/THUMBNAIL/content",0,NULL
"cbe63c25-cb63-4afe-9570-e41f8f2c30f2","http://repo.nypl.org/fedora/objects/uuid:8af95071-bc6f-a4e1-e040-e00a18064503/datastreams/WIDE_THUMBNAIL/content",0,NULL
"54b15504-3bb2-4a12-a7f9-adb530ee295b","http://repo.nypl.org/fedora/objects/uuid:8af95071-bc6f-a4e1-e040-e00a18064503/datastreams/REFERENCE_THUMBNAIL/content",0,NULL
"fea8989b-f9a9-48f9-a3ef-18ea679be8c6","http://repo.nypl.org/fedora/objects/uuid:8af95071-bc70-a4e1-e040-e00a18064503/datastreams/THUMBNAIL/content",0,NULL
"89731038-a71b-4fe8-afae-564c72fac65c","http://repo.nypl.org/fedora/objects/uuid:8af95071-bc70-a4e1-e040-e00a18064503/datastreams/WIDE_THUMBNAIL/content",0,NULL
"c1ed335b-1998-4195-b646-4fd6671a63f6","http://repo.nypl.org/fedora/objects/uuid:8af95071-bc70-a4e1-e040-e00a18064503/datastreams/REFERENCE_THUMBNAIL/content",0,NULL
"fb826b62-013e-4f4a-9ce7-1b275f2926f7","http://repo.nypl.org/fedora/objects/uuid:8af95071-bc71-a4e1-e040-e00a18064503/datastreams/THUMBNAIL/content",0,NULL
"dd7eb298-92bf-4afd-9427-825d3bcb7d0e","http://repo.nypl.org/fedora/objects/uuid:8af95071-bc71-a4e1-e040-e00a18064503/datastreams/WIDE_THUMBNAIL/content",0,NULL
"b3c10e42-b036-4c2c-961c-16fa19a8379b","http://repo.nypl.org/fedora/objects/uuid:8af95071-bc71-a4e1-e040-e00a18064503/datastreams/REFERENCE_THUMBNAIL/content",0,NULL
"011f0557-7e15-4066-8416-d061c06b356e","http://repo.nypl.org/fedora/objects/uuid:8af95071-bc72-a4e1-e040-e00a18064503/datastreams/THUMBNAIL/content",0,NULL
"13b660d7-f237-450b-9e04-d8f770901e63","http://repo.nypl.org/fedora/objects/uuid:8af95071-bc72-a4e1-e040-e00a18064503/datastreams/WIDE_THUMBNAIL/content",0,NULL
"128670b6-a6a3-4e1b-a37c-82b5fcb65db5","http://repo.nypl.org/fedora/objects/uuid:8af95071-bc72-a4e1-e040-e00a18064503/datastreams/REFERENCE_THUMBNAIL/content",0,NULL
"a47fd25f-49d7-4538-b377-73788bb89d87","http://repo.nypl.org/fedora/objects/uuid:8af95071-bc73-a4e1-e040-e00a18064503/datastreams/WIDE_THUMBNAIL/content",0,NULL
"6dbf2adf-6a42-4216-972d-6b14173899f9","http://repo.nypl.org/fedora/objects/uuid:8af95071-bc73-a4e1-e040-e00a18064503/datastreams/THUMBNAIL/content",0,NULL
"85ee966f-6795-48d8-9d11-14791d20910a","http://repo.nypl.org/fedora/objects/uuid:8af95071-bc73-a4e1-e040-e00a18064503/datastreams/REFERENCE_THUMBNAIL/content",0,NULL
"3d487b31-7581-4a3f-b1bf-60926e7e5d76","http://repo.nypl.org/fedora/objects/uuid:8af99501-8239-161c-e040-e00a18064530/datastreams/THUMBNAIL/content",0,NULL
"44f2e05e-e2f1-4566-b6e8-fc90b52ba63e","http://repo.nypl.org/fedora/objects/uuid:8af99501-8239-161c-e040-e00a18064530/datastreams/WIDE_THUMBNAIL/content",0,NULL
"2450ce0c-7e1e-49b5-bb77-9e3cd1ec97b0","http://repo.nypl.org/fedora/objects/uuid:8af99501-8239-161c-e040-e00a18064530/datastreams/REFERENCE_THUMBNAIL/content",0,NULL
"86c676cf-9487-4638-9b7c-89d9880e5e5d","http://repo.nypl.org/fedora/objects/uuid:8af99501-823a-161c-e040-e00a18064530/datastreams/WIDE_THUMBNAIL/content",0,NULL
"1a39a0ee-33cb-4448-bee5-f4ce341308f1","http://repo.nypl.org/fedora/objects/uuid:8af99501-823a-161c-e040-e00a18064530/datastreams/THUMBNAIL/content",0,NULL
"eed4119d-ea92-4ccf-bba1-bf32d80d70b9","http://repo.nypl.org/fedora/objects/uuid:8af99501-823a-161c-e040-e00a18064530/datastreams/REFERENCE_THUMBNAIL/content",0,NULL
"50d21f84-d283-4d50-8c44-5659ea889254","http://repo.nypl.org/fedora/objects/uuid:8af99501-823b-161c-e040-e00a18064530/datastreams/THUMBNAIL/content",0,NULL
"4f7718c5-cf8c-403c-9303-e18997607fb2","http://repo.nypl.org/fedora/objects/uuid:8af99501-823b-161c-e040-e00a18064530/datastreams/WIDE_THUMBNAIL/content",0,NULL
"2e4c90b0-ca14-4bf3-af71-2b7f8427dcf1","http://repo.nypl.org/fedora/objects/uuid:8af99501-823b-161c-e040-e00a18064530/datastreams/REFERENCE_THUMBNAIL/content",0,NULL
"fccc3781-7a23-4155-8d88-15b233220340","http://repo.nypl.org/fedora/objects/uuid:8af99501-823c-161c-e040-e00a18064530/datastreams/THUMBNAIL/content",0,NULL
"f6f5cbb1-555d-46d7-b5de-a7221c830586","http://repo.nypl.org/fedora/objects/uuid:8af99501-823c-161c-e040-e00a18064530/datastreams/WIDE_THUMBNAIL/content",0,NULL
"5a06e035-40b4-41dc-a268-2c708e8e8c57","http://repo.nypl.org/fedora/objects/uuid:8af99501-823c-161c-e040-e00a18064530/datastreams/REFERENCE_THUMBNAIL/content",0,NULL
"ad6cec1e-e180-4e59-ad8e-243d23f71e50","http://repo.nypl.org/fedora/objects/uuid:8af99501-823d-161c-e040-e00a18064530/datastreams/WIDE_THUMBNAIL/content",0,NULL
"0db00290-7232-4396-a0ad-ae1e67f34e17","http://repo.nypl.org/fedora/objects/uuid:8af99501-823d-161c-e040-e00a18064530/datastreams/THUMBNAIL/content",0,NULL
"75ec17c5-434e-4c95-8864-0515e1e612d1","http://repo.nypl.org/fedora/objects/uuid:8af99501-823d-161c-e040-e00a18064530/datastreams/REFERENCE_THUMBNAIL/content",0,NULL
"f8161656-7ddf-40fc-8ece-eb11426bcdf4","http://repo.nypl.org/fedora/objects/uuid:8af99501-823e-161c-e040-e00a18064530/datastreams/WIDE_THUMBNAIL/content",0,NULL
"39df50f1-3b36-4521-9df3-dc583a4d4f95","http://repo.nypl.org/fedora/objects/uuid:8af99501-823e-161c-e040-e00a18064530/datastreams/THUMBNAIL/content",0,NULL
"c38edd57-053d-43e3-ab1d-f4074641ec9f","http://repo.nypl.org/fedora/objects/uuid:8af99501-823e-161c-e040-e00a18064530/datastreams/REFERENCE_THUMBNAIL/content",0,NULL
"1f86e26e-a7d6-4b58-ac84-7a02b51f6cfa","http://repo.nypl.org/fedora/objects/uuid:8af99501-823f-161c-e040-e00a18064530/datastreams/THUMBNAIL/content",0,NULL
"0b06d4b3-5334-47c5-a014-654f22f83422","http://repo.nypl.org/fedora/objects/uuid:8af99501-823f-161c-e040-e00a18064530/datastreams/WIDE_THUMBNAIL/content",0,NULL
"bf4a367b-bd51-4a26-8f86-54fa6ddd7827","http://repo.nypl.org/fedora/objects/uuid:8af99501-823f-161c-e040-e00a18064530/datastreams/REFERENCE_THUMBNAIL/content",0,NULL
"3943519a-98c8-46c4-8434-5097e6e71e94","http://repo.nypl.org/fedora/objects/uuid:8af99501-8240-161c-e040-e00a18064530/datastreams/THUMBNAIL/content",0,NULL
"0f3f3dba-4f18-4d80-bb79-7c64047bfc3f","http://repo.nypl.org/fedora/objects/uuid:8af99501-8240-161c-e040-e00a18064530/datastreams/WIDE_THUMBNAIL/content",0,NULL
"1940e3b8-4ab6-4d73-8f1f-f927ad379a23","http://repo.nypl.org/fedora/objects/uuid:8af99501-8240-161c-e040-e00a18064530/datastreams/REFERENCE_THUMBNAIL/content",0,NULL
"d9aac807-b165-4a08-9d50-18ef9619214c","http://repo.nypl.org/fedora/objects/uuid:8af99501-8241-161c-e040-e00a18064530/datastreams/THUMBNAIL/content",0,NULL
"c4b9ef29-3104-46da-ab78-5971f4388396","http://repo.nypl.org/fedora/objects/uuid:8af99501-8241-161c-e040-e00a18064530/datastreams/WIDE_THUMBNAIL/content",0,NULL
"8e3e8dab-a2d8-4d42-b46c-a949cd331191","http://repo.nypl.org/fedora/objects/uuid:8af99501-8241-161c-e040-e00a18064530/datastreams/REFERENCE_THUMBNAIL/content",0,NULL
"02f3dd34-d144-4212-ad25-62e90e48800c","http://repo.nypl.org/fedora/objects/uuid:8af99501-8242-161c-e040-e00a18064530/datastreams/THUMBNAIL/content",0,NULL
"3d4268c2-e1d9-4749-b868-7e6b968ca42e","http://repo.nypl.org/fedora/objects/uuid:8af99501-8242-161c-e040-e00a18064530/datastreams/WIDE_THUMBNAIL/content",0,NULL
"c24cf5ab-d328-45ae-be44-a8b705b0f82c","http://repo.nypl.org/fedora/objects/uuid:8af99501-8242-161c-e040-e00a18064530/datastreams/REFERENCE_THUMBNAIL/content",0,NULL
"6d0a3f0d-b2f7-411b-b177-39283be16605","http://repo.nypl.org/fedora/objects/uuid:8af99501-8243-161c-e040-e00a18064530/datastreams/THUMBNAIL/content",0,NULL
"0b35d690-bfd6-4f67-a149-811d68b090f8","http://repo.nypl.org/fedora/objects/uuid:8af99501-8243-161c-e040-e00a18064530/datastreams/WIDE_THUMBNAIL/content",0,NULL
"c704d9b2-38ef-431c-a3b4-cd73074400e6","http://repo.nypl.org/fedora/objects/uuid:8af99501-8243-161c-e040-e00a18064530/datastreams/REFERENCE_THUMBNAIL/content",0,NULL
"e5344be2-b2e0-45f6-a74d-88ff7aa871f1","http://repo.nypl.org/fedora/objects/uuid:8af99501-8244-161c-e040-e00a18064530/datastreams/THUMBNAIL/content",0,NULL
"5b6a82e2-d6b1-46b9-bb01-0f29b2de19c4","http://repo.nypl.org/fedora/objects/uuid:8af99501-8244-161c-e040-e00a18064530/datastreams/WIDE_THUMBNAIL/content",0,NULL
"58a7ef9e-7aae-4c08-8706-b80fd6505d63","http://repo.nypl.org/fedora/objects/uuid:8af99501-8244-161c-e040-e00a18064530/datastreams/REFERENCE_THUMBNAIL/content",0,NULL
"91c5ca73-804e-4b44-b11c-9b1995574514","http://repo.nypl.org/fedora/objects/uuid:8af99501-8245-161c-e040-e00a18064530/datastreams/WIDE_THUMBNAIL/content",0,NULL
"bda8bde8-fa48-4749-b492-c399506d26d4","http://repo.nypl.org/fedora/objects/uuid:8af99501-8245-161c-e040-e00a18064530/datastreams/THUMBNAIL/content",0,NULL
"feaf50e0-5a28-402a-8eee-d4b690142420","http://repo.nypl.org/fedora/objects/uuid:8af99501-8245-161c-e040-e00a18064530/datastreams/REFERENCE_THUMBNAIL/content",0,NULL
"643117fb-3784-4291-b1db-472dabd9b12b","http://repo.nypl.org/fedora/objects/uuid:8af99501-8246-161c-e040-e00a18064530/datastreams/THUMBNAIL/content",0,NULL
"31a932c5-73ec-4197-a52e-a0cbece3bf10","http://repo.nypl.org/fedora/objects/uuid:8af99501-8246-161c-e040-e00a18064530/datastreams/WIDE_THUMBNAIL/content",0,NULL
"f7d865fb-2a24-4953-b4c8-a52e91112f2f","http://repo.nypl.org/fedora/objects/uuid:8af99501-8246-161c-e040-e00a18064530/datastreams/REFERENCE_THUMBNAIL/content",0,NULL
"864d877f-2348-4ded-b3cb-ed7e6b35171b","http://repo.nypl.org/fedora/objects/uuid:8af99501-8247-161c-e040-e00a18064530/datastreams/WIDE_THUMBNAIL/content",0,NULL
"934c618c-c831-4c8c-a48b-b1eaa5b917cb","http://repo.nypl.org/fedora/objects/uuid:8af99501-8247-161c-e040-e00a18064530/datastreams/THUMBNAIL/content",0,NULL
"fc81c9e4-62d9-4c15-9586-98e266b74c64","http://repo.nypl.org/fedora/objects/uuid:8af99501-8247-161c-e040-e00a18064530/datastreams/REFERENCE_THUMBNAIL/content",0,NULL
"2da67e00-ac2a-45c6-823b-e8ee9015daa6","http://repo.nypl.org/fedora/objects/uuid:8af99501-8248-161c-e040-e00a18064530/datastreams/THUMBNAIL/content",0,NULL
"bad71f13-2298-40e8-b91f-7e7442ade8fb","http://repo.nypl.org/fedora/objects/uuid:8af99501-8248-161c-e040-e00a18064530/datastreams/WIDE_THUMBNAIL/content",0,NULL
"aa62854f-aa97-4f4a-a5dd-613abfdf38aa","http://repo.nypl.org/fedora/objects/uuid:8af99501-8248-161c-e040-e00a18064530/datastreams/REFERENCE_THUMBNAIL/content",0,NULL
"3130f090-0c14-4d23-933c-10f00e10dd04","http://repo.nypl.org/fedora/objects/uuid:8af99501-8249-161c-e040-e00a18064530/datastreams/THUMBNAIL/content",0,NULL
"8cf1551f-27f1-401d-8aff-498b5840b4ab","http://repo.nypl.org/fedora/objects/uuid:8af99501-8249-161c-e040-e00a18064530/datastreams/WIDE_THUMBNAIL/content",0,NULL
"1c7fdddf-ab21-4930-88b1-cfee743ad246","http://repo.nypl.org/fedora/objects/uuid:8af99501-8249-161c-e040-e00a18064530/datastreams/REFERENCE_THUMBNAIL/content",0,NULL
"5c608b64-821a-4229-b7cc-318025276b5d","http://repo.nypl.org/fedora/objects/uuid:8af99501-824a-161c-e040-e00a18064530/datastreams/WIDE_THUMBNAIL/content",0,NULL
"be12730c-f457-4927-82b4-72f4154dfb1c","http://repo.nypl.org/fedora/objects/uuid:8af99501-824a-161c-e040-e00a18064530/datastreams/THUMBNAIL/content",0,NULL
"9ae99310-a201-439d-9fe3-6fd312d1283b","http://repo.nypl.org/fedora/objects/uuid:8af99501-824a-161c-e040-e00a18064530/datastreams/REFERENCE_THUMBNAIL/content",0,NULL
"5013d6ff-578f-4042-8304-216036c37237","http://repo.nypl.org/fedora/objects/uuid:8af99501-824b-161c-e040-e00a18064530/datastreams/THUMBNAIL/content",0,NULL
"23c5fb48-d396-438e-9a5d-9229ec921199","http://repo.nypl.org/fedora/objects/uuid:8af99501-824b-161c-e040-e00a18064530/datastreams/WIDE_THUMBNAIL/content",0,NULL
"473ef4fa-d672-46c7-964d-b275e27d9324","http://repo.nypl.org/fedora/objects/uuid:8af99501-824b-161c-e040-e00a18064530/datastreams/REFERENCE_THUMBNAIL/content",0,NULL
"44c40f6f-347d-4b65-9d40-c85aba4ca611","http://repo.nypl.org/fedora/objects/uuid:8af99501-824c-161c-e040-e00a18064530/datastreams/THUMBNAIL/content",0,NULL
"d0612607-8737-4504-ae87-150a09e3a554","http://repo.nypl.org/fedora/objects/uuid:8af99501-824c-161c-e040-e00a18064530/datastreams/WIDE_THUMBNAIL/content",0,NULL
"3fbb438c-769c-4d79-a5d5-def3c5c44434","http://repo.nypl.org/fedora/objects/uuid:8af99501-824c-161c-e040-e00a18064530/datastreams/REFERENCE_THUMBNAIL/content",0,NULL
"14130de7-d584-4a26-8c88-b0f2fb6a9e5b","http://repo.nypl.org/fedora/objects/uuid:8af99501-824d-161c-e040-e00a18064530/datastreams/THUMBNAIL/content",0,NULL
"36602216-aeeb-4409-bd2a-215616ad9024","http://repo.nypl.org/fedora/objects/uuid:8af99501-824d-161c-e040-e00a18064530/datastreams/WIDE_THUMBNAIL/content",0,NULL
"c7e6db0d-85a8-4d17-a4ad-c78b86d687e3","http://repo.nypl.org/fedora/objects/uuid:8af99501-824d-161c-e040-e00a18064530/datastreams/REFERENCE_THUMBNAIL/content",0,NULL
"549fcd90-051a-431a-8643-1908557b7938","http://repo.nypl.org/fedora/objects/uuid:8af99501-824e-161c-e040-e00a18064530/datastreams/THUMBNAIL/content",0,NULL
"241a35ce-6024-4ec4-8de7-b0d0014f82ad","http://repo.nypl.org/fedora/objects/uuid:8af99501-824e-161c-e040-e00a18064530/datastreams/WIDE_THUMBNAIL/content",0,NULL
"1955c4a3-214e-43d6-8d14-cf31f9e9fa79","http://repo.nypl.org/fedora/objects/uuid:8af99501-824e-161c-e040-e00a18064530/datastreams/REFERENCE_THUMBNAIL/content",0,NULL
"3172865f-dc6e-4845-b553-5632e9721b52","http://repo.nypl.org/fedora/objects/uuid:8af99501-824f-161c-e040-e00a18064530/datastreams/THUMBNAIL/content",0,NULL
"f023a949-a1b0-4061-8286-246b5ab81861","http://repo.nypl.org/fedora/objects/uuid:8af99501-824f-161c-e040-e00a18064530/datastreams/WIDE_THUMBNAIL/content",0,NULL
"62e18ff0-3829-4798-a0e1-9e60dabba998","http://repo.nypl.org/fedora/objects/uuid:8af99501-824f-161c-e040-e00a18064530/datastreams/REFERENCE_THUMBNAIL/content",0,NULL
"04a0eb4a-3c35-49a1-b3d5-e0c50cc10df7","http://repo.nypl.org/fedora/objects/uuid:8af99501-8250-161c-e040-e00a18064530/datastreams/THUMBNAIL/content",0,NULL
"e2f26223-36ae-41a9-b0ae-faf4b7c9f499","http://repo.nypl.org/fedora/objects/uuid:8af99501-8250-161c-e040-e00a18064530/datastreams/WIDE_THUMBNAIL/content",0,NULL
"00d81d07-d457-4210-90b1-fb51a12eae1a","http://repo.nypl.org/fedora/objects/uuid:8af99501-8250-161c-e040-e00a18064530/datastreams/REFERENCE_THUMBNAIL/content",0,NULL
"af9296b4-8c14-4869-965b-30ef0b8ddb9d","http://repo.nypl.org/fedora/objects/uuid:8af99501-8251-161c-e040-e00a18064530/datastreams/THUMBNAIL/content",0,NULL
"f27eaa85-cf92-4d9a-8f23-19573df867d7","http://repo.nypl.org/fedora/objects/uuid:8af99501-8251-161c-e040-e00a18064530/datastreams/WIDE_THUMBNAIL/content",0,NULL
"084285ed-e9e7-4691-9ade-64b015a5a9a2","http://repo.nypl.org/fedora/objects/uuid:8af99501-8251-161c-e040-e00a18064530/datastreams/REFERENCE_THUMBNAIL/content",0,NULL
"584c91ac-5527-4cd8-8a5d-cde6ab4289fa","http://repo.nypl.org/fedora/objects/uuid:8af99501-8252-161c-e040-e00a18064530/datastreams/WIDE_THUMBNAIL/content",0,NULL
"d798bb5c-f738-429d-9904-96f493df2162","http://repo.nypl.org/fedora/objects/uuid:8af99501-8252-161c-e040-e00a18064530/datastreams/THUMBNAIL/content",0,NULL
"9b18fd2a-d0b3-47bd-a949-098d3d979d3d","http://repo.nypl.org/fedora/objects/uuid:8af99501-8252-161c-e040-e00a18064530/datastreams/REFERENCE_THUMBNAIL/content",0,NULL
"6a60a4b1-4f3f-43c8-8c4a-49fd0522c3c9","http://repo.nypl.org/fedora/objects/uuid:8af99501-8253-161c-e040-e00a18064530/datastreams/THUMBNAIL/content",0,NULL
"8d560734-be90-4f7f-a9a7-7f0aeb74d79d","http://repo.nypl.org/fedora/objects/uuid:8af99501-8253-161c-e040-e00a18064530/datastreams/WIDE_THUMBNAIL/content",0,NULL
"78b8febc-6c7f-4ef4-a3ee-7a12d1b93eee","http://repo.nypl.org/fedora/objects/uuid:8af99501-8253-161c-e040-e00a18064530/datastreams/REFERENCE_THUMBNAIL/content",0,NULL
"1f3960fe-0598-4c78-a20a-a7a4626ec084","http://repo.nypl.org/fedora/objects/uuid:8af99501-8254-161c-e040-e00a18064530/datastreams/WIDE_THUMBNAIL/content",0,NULL
"d0951e58-8f46-4b6e-96b9-238d319b3cbc","http://repo.nypl.org/fedora/objects/uuid:8af99501-8254-161c-e040-e00a18064530/datastreams/THUMBNAIL/content",0,NULL
"06a277f3-4cd1-4ae6-8c39-3052c4e69e6e","http://repo.nypl.org/fedora/objects/uuid:8af99501-8254-161c-e040-e00a18064530/datastreams/REFERENCE_THUMBNAIL/content",0,NULL
"82d20694-2c9a-4618-a8cd-30bbc2473f9d","http://repo.nypl.org/fedora/objects/uuid:8af99501-8255-161c-e040-e00a18064530/datastreams/THUMBNAIL/content",0,NULL
"236b2def-3f74-4528-a258-c379da96dda4","http://repo.nypl.org/fedora/objects/uuid:8af99501-8255-161c-e040-e00a18064530/datastreams/WIDE_THUMBNAIL/content",0,NULL
"6f00c48e-5577-4382-857b-ec03111b7dbf","http://repo.nypl.org/fedora/objects/uuid:8af99501-8255-161c-e040-e00a18064530/datastreams/REFERENCE_THUMBNAIL/content",0,NULL
"5aa16184-ec8f-4524-b03b-f2b0904efbc6","http://repo.nypl.org/fedora/objects/uuid:8af99501-8256-161c-e040-e00a18064530/datastreams/THUMBNAIL/content",0,NULL
"4f5b6b04-1371-476a-af8b-914eeec6eff2","http://repo.nypl.org/fedora/objects/uuid:8af99501-8256-161c-e040-e00a18064530/datastreams/WIDE_THUMBNAIL/content",0,NULL
"fe93e40f-5082-4697-b6e1-6f00e490fcb8","http://repo.nypl.org/fedora/objects/uuid:8af99501-8256-161c-e040-e00a18064530/datastreams/REFERENCE_THUMBNAIL/content",0,NULL
"d3c984f0-6892-4b3c-b526-ddaf5005acd3","http://repo.nypl.org/fedora/objects/uuid:8af99501-8257-161c-e040-e00a18064530/datastreams/WIDE_THUMBNAIL/content",0,NULL
"54c31b11-1ecb-4281-971b-e5bda674dada","http://repo.nypl.org/fedora/objects/uuid:8af99501-8257-161c-e040-e00a18064530/datastreams/THUMBNAIL/content",0,NULL
"8816a114-46a2-4224-b2e6-b7e3bf93a5e7","http://repo.nypl.org/fedora/objects/uuid:8af99501-8257-161c-e040-e00a18064530/datastreams/REFERENCE_THUMBNAIL/content",0,NULL
"656296e3-e658-4745-86fc-2d6ada90019e","http://repo.nypl.org/fedora/objects/uuid:8af99501-8258-161c-e040-e00a18064530/datastreams/THUMBNAIL/content",0,NULL
"f2505ff7-5442-4642-aa1b-398ec3b04544","http://repo.nypl.org/fedora/objects/uuid:8af99501-8258-161c-e040-e00a18064530/datastreams/WIDE_THUMBNAIL/content",0,NULL
"fa672881-a989-4991-89bc-26ada0a37ae7","http://repo.nypl.org/fedora/objects/uuid:8af99501-8258-161c-e040-e00a18064530/datastreams/REFERENCE_THUMBNAIL/content",0,NULL
"6d17acc0-0021-4384-8fb5-10fd8fc207c5","http://repo.nypl.org/fedora/objects/uuid:8af99501-8259-161c-e040-e00a18064530/datastreams/THUMBNAIL/content",0,NULL
"5ee87b26-3914-4b02-b551-a955ddc586d3","http://repo.nypl.org/fedora/objects/uuid:8af99501-8259-161c-e040-e00a18064530/datastreams/WIDE_THUMBNAIL/content",0,NULL
"a50861d4-b99e-4b79-b85c-1d347e6b359d","http://repo.nypl.org/fedora/objects/uuid:8af99501-8259-161c-e040-e00a18064530/datastreams/REFERENCE_THUMBNAIL/content",0,NULL
"5ce693c6-6368-435e-ae83-2df57149a705","http://repo.nypl.org/fedora/objects/uuid:8af99501-825a-161c-e040-e00a18064530/datastreams/THUMBNAIL/content",0,NULL
"9d1ef053-5816-464d-96f7-e135cde0fcb8","http://repo.nypl.org/fedora/objects/uuid:8af99501-825a-161c-e040-e00a18064530/datastreams/WIDE_THUMBNAIL/content",0,NULL
"5cd08476-dbae-4d93-a8d0-5c5b381dbaab","http://repo.nypl.org/fedora/objects/uuid:8af99501-825a-161c-e040-e00a18064530/datastreams/REFERENCE_THUMBNAIL/content",0,NULL
"d4dd0ecd-44f3-4519-850d-51754158c6d8","http://repo.nypl.org/fedora/objects/uuid:8af99501-825b-161c-e040-e00a18064530/datastreams/THUMBNAIL/content",0,NULL
"54b4e763-53be-488f-a4e0-27f141b7bd4c","http://repo.nypl.org/fedora/objects/uuid:8af99501-825b-161c-e040-e00a18064530/datastreams/WIDE_THUMBNAIL/content",0,NULL
"988d996e-e632-4d69-ad46-80e53380e875","http://repo.nypl.org/fedora/objects/uuid:8af99501-825b-161c-e040-e00a18064530/datastreams/REFERENCE_THUMBNAIL/content",0,NULL
"cbd1e2ba-265a-41cd-9caf-d63980bd9e4c","http://repo.nypl.org/fedora/objects/uuid:8af99501-825c-161c-e040-e00a18064530/datastreams/THUMBNAIL/content",0,NULL
"1d22e57f-23eb-4511-b549-05e9928a1406","http://repo.nypl.org/fedora/objects/uuid:8af99501-825c-161c-e040-e00a18064530/datastreams/WIDE_THUMBNAIL/content",0,NULL
"05d05608-491d-4cbb-b460-024e02956fe4","http://repo.nypl.org/fedora/objects/uuid:8af99501-825c-161c-e040-e00a18064530/datastreams/REFERENCE_THUMBNAIL/content",0,NULL
"b714eca8-a77c-48d0-a21c-03b0e42d97fd","http://repo.nypl.org/fedora/objects/uuid:8af99501-825d-161c-e040-e00a18064530/datastreams/THUMBNAIL/content",0,NULL
"de62a7d5-f2f5-4cf2-8cf5-81d4df0a1639","http://repo.nypl.org/fedora/objects/uuid:8af99501-825d-161c-e040-e00a18064530/datastreams/WIDE_THUMBNAIL/content",0,NULL
"ace937ee-ef8f-47d8-86ad-f31ebc2e09ff","http://repo.nypl.org/fedora/objects/uuid:8af99501-825d-161c-e040-e00a18064530/datastreams/REFERENCE_THUMBNAIL/content",0,NULL
"f7b713cf-1402-466d-96b6-6072d75dfa89","http://repo.nypl.org/fedora/objects/uuid:8af99501-825e-161c-e040-e00a18064530/datastreams/WIDE_THUMBNAIL/content",0,NULL
"5331d3bf-478f-4300-a9ff-342d5d513278","http://repo.nypl.org/fedora/objects/uuid:8af99501-825e-161c-e040-e00a18064530/datastreams/THUMBNAIL/content",0,NULL
"f683556a-45b1-4b36-9eb9-95bff7a5c922","http://repo.nypl.org/fedora/objects/uuid:8af99501-825e-161c-e040-e00a18064530/datastreams/REFERENCE_THUMBNAIL/content",0,NULL
"47c9502a-1f5d-4c9b-be79-249b45eb9791","http://repo.nypl.org/fedora/objects/uuid:8af99501-825f-161c-e040-e00a18064530/datastreams/THUMBNAIL/content",0,NULL
"46ca9633-7c20-4eac-ad8f-f80e65ba6d10","http://repo.nypl.org/fedora/objects/uuid:8af99501-825f-161c-e040-e00a18064530/datastreams/WIDE_THUMBNAIL/content",0,NULL
"cb19dc96-6064-4c53-9a06-f36386df73ba","http://repo.nypl.org/fedora/objects/uuid:8af99501-825f-161c-e040-e00a18064530/datastreams/REFERENCE_THUMBNAIL/content",0,NULL
"86934b33-08c0-434e-abd5-cfb7e8843d78","http://repo.nypl.org/fedora/objects/uuid:8af99501-8260-161c-e040-e00a18064530/datastreams/WIDE_THUMBNAIL/content",0,NULL
"eefab6f9-a5e7-4850-b81f-c1e1d6f213c4","http://repo.nypl.org/fedora/objects/uuid:8af99501-8260-161c-e040-e00a18064530/datastreams/THUMBNAIL/content",0,NULL
"38160551-b269-4ab9-9bab-9b03b122ff93","http://repo.nypl.org/fedora/objects/uuid:8af99501-8260-161c-e040-e00a18064530/datastreams/REFERENCE_THUMBNAIL/content",0,NULL
"f950cab5-54d4-4088-91e8-8fdb85d805a4","http://repo.nypl.org/fedora/objects/uuid:8af99501-8261-161c-e040-e00a18064530/datastreams/THUMBNAIL/content",0,NULL
"86e41cf9-e1a2-4064-871c-1d6ef866387c","http://repo.nypl.org/fedora/objects/uuid:8af99501-8261-161c-e040-e00a18064530/datastreams/WIDE_THUMBNAIL/content",0,NULL
"789c917d-2d70-4669-97a4-385c4c67a377","http://repo.nypl.org/fedora/objects/uuid:8af99501-8261-161c-e040-e00a18064530/datastreams/REFERENCE_THUMBNAIL/content",0,NULL
"7049fb6a-c6e5-446a-a88c-363df172aa71","http://repo.nypl.org/fedora/objects/uuid:8af99501-8262-161c-e040-e00a18064530/datastreams/THUMBNAIL/content",0,NULL
"196a19a4-72d4-4370-83b0-89bc9b4a272d","http://repo.nypl.org/fedora/objects/uuid:8af99501-8262-161c-e040-e00a18064530/datastreams/WIDE_THUMBNAIL/content",0,NULL
"5f89d64d-0cf8-425b-bd44-462b7c9ac253","http://repo.nypl.org/fedora/objects/uuid:8af99501-8262-161c-e040-e00a18064530/datastreams/REFERENCE_THUMBNAIL/content",0,NULL
"92b347f1-304a-4b8b-af84-21d4d43cc5be","http://repo.nypl.org/fedora/objects/uuid:8af99501-8263-161c-e040-e00a18064530/datastreams/WIDE_THUMBNAIL/content",0,NULL
"1141b1cd-8d45-49ac-9041-b4f50d683a6b","http://repo.nypl.org/fedora/objects/uuid:8af99501-8263-161c-e040-e00a18064530/datastreams/THUMBNAIL/content",0,NULL
"15573f78-e004-4dfb-bb06-ef9eb6ed581f","http://repo.nypl.org/fedora/objects/uuid:8af99501-8263-161c-e040-e00a18064530/datastreams/REFERENCE_THUMBNAIL/content",0,NULL
"ba60aca5-5e62-427a-9904-86222b083ddf","http://repo.nypl.org/fedora/objects/uuid:8af99501-8264-161c-e040-e00a18064530/datastreams/THUMBNAIL/content",0,NULL
"c4cdc01f-131e-4d49-b06a-8e983830795b","http://repo.nypl.org/fedora/objects/uuid:8af99501-8264-161c-e040-e00a18064530/datastreams/WIDE_THUMBNAIL/content",0,NULL
"69a4913a-7fe9-4c20-bcf4-babc521061f7","http://repo.nypl.org/fedora/objects/uuid:8af99501-8264-161c-e040-e00a18064530/datastreams/REFERENCE_THUMBNAIL/content",0,NULL
"2744cd20-4a84-42e2-8923-9dce3e1d1ebd","http://repo.nypl.org/fedora/objects/uuid:8af99501-8265-161c-e040-e00a18064530/datastreams/THUMBNAIL/content",0,NULL
"3b9c1e39-c153-44f0-a37b-b94c9845dff5","http://repo.nypl.org/fedora/objects/uuid:8af99501-8265-161c-e040-e00a18064530/datastreams/WIDE_THUMBNAIL/content",0,NULL
"52c1a582-2224-4ed7-9ede-63a64b9a6e05","http://repo.nypl.org/fedora/objects/uuid:8af99501-8265-161c-e040-e00a18064530/datastreams/REFERENCE_THUMBNAIL/content",0,NULL
"dbe75531-7865-4ab1-af67-424fac1773c7","http://repo.nypl.org/fedora/objects/uuid:8af99501-8266-161c-e040-e00a18064530/datastreams/THUMBNAIL/content",0,NULL
"9aea4ff4-02c7-4f1c-98be-7e94a1e26fc7","http://repo.nypl.org/fedora/objects/uuid:8af99501-8266-161c-e040-e00a18064530/datastreams/WIDE_THUMBNAIL/content",0,NULL
"7dff009f-7bd6-4b5a-a6af-0e8d58b0fed0","http://repo.nypl.org/fedora/objects/uuid:8af99501-8266-161c-e040-e00a18064530/datastreams/REFERENCE_THUMBNAIL/content",0,NULL
"d82b6201-846b-4c80-83ee-5d6d5072762d","http://repo.nypl.org/fedora/objects/uuid:8af99501-8267-161c-e040-e00a18064530/datastreams/THUMBNAIL/content",0,NULL
"01adc7ab-f3ed-4856-8d24-024998b3db4b","http://repo.nypl.org/fedora/objects/uuid:8af99501-8267-161c-e040-e00a18064530/datastreams/WIDE_THUMBNAIL/content",0,NULL
"a9aa955d-846c-4ad9-8e50-eb8cc116f9de","http://repo.nypl.org/fedora/objects/uuid:8af99501-8267-161c-e040-e00a18064530/datastreams/REFERENCE_THUMBNAIL/content",0,NULL
"ad39aded-983e-46b0-a666-626f30d1f92c","http://repo.nypl.org/fedora/objects/uuid:8af99501-8268-161c-e040-e00a18064530/datastreams/THUMBNAIL/content",0,NULL
"def4d17f-ebb9-4e47-8fd0-b22f3318803c","http://repo.nypl.org/fedora/objects/uuid:8af99501-8268-161c-e040-e00a18064530/datastreams/WIDE_THUMBNAIL/content",0,NULL
"ba784575-05ac-4d29-83ee-045010c42024","http://repo.nypl.org/fedora/objects/uuid:8af99501-8268-161c-e040-e00a18064530/datastreams/REFERENCE_THUMBNAIL/content",0,NULL
"33a57577-ca83-45a9-8af8-b47d91a82213","http://repo.nypl.org/fedora/objects/uuid:8af99501-8269-161c-e040-e00a18064530/datastreams/THUMBNAIL/content",0,NULL
"925db092-8d2e-4e32-a014-4e316d1b4c93","http://repo.nypl.org/fedora/objects/uuid:8af99501-8269-161c-e040-e00a18064530/datastreams/WIDE_THUMBNAIL/content",0,NULL
"64e22de2-23cc-4e39-b436-7fe812306e03","http://repo.nypl.org/fedora/objects/uuid:8af99501-8269-161c-e040-e00a18064530/datastreams/REFERENCE_THUMBNAIL/content",0,NULL
"72bd6048-d993-400d-862d-f055d2f094b7","http://repo.nypl.org/fedora/objects/uuid:8af99501-826a-161c-e040-e00a18064530/datastreams/THUMBNAIL/content",0,NULL
"4f1756fd-33e7-4d41-8f7a-f9662caa5b73","http://repo.nypl.org/fedora/objects/uuid:8af99501-826a-161c-e040-e00a18064530/datastreams/WIDE_THUMBNAIL/content",0,NULL
"79d862f6-3c51-47ec-aeb4-8980b7ec768c","http://repo.nypl.org/fedora/objects/uuid:8af99501-826a-161c-e040-e00a18064530/datastreams/REFERENCE_THUMBNAIL/content",0,NULL
"5ecae0c7-773e-4e56-941c-10068b06e842","http://repo.nypl.org/fedora/objects/uuid:8af99501-826b-161c-e040-e00a18064530/datastreams/WIDE_THUMBNAIL/content",0,NULL
"38e16779-d2d1-4ac9-9ce3-5079d5c518d2","http://repo.nypl.org/fedora/objects/uuid:8af99501-826b-161c-e040-e00a18064530/datastreams/THUMBNAIL/content",0,NULL
"56e70e17-76a3-4dc3-aeb2-a1612ce07541","http://repo.nypl.org/fedora/objects/uuid:8af99501-826b-161c-e040-e00a18064530/datastreams/REFERENCE_THUMBNAIL/content",0,NULL
"c9da9149-3042-4c37-9a94-2b1d867addc0","http://repo.nypl.org/fedora/objects/uuid:8af99501-826c-161c-e040-e00a18064530/datastreams/THUMBNAIL/content",0,NULL
"fda1aeae-4adb-4375-9eb6-3cf48859c4ba","http://repo.nypl.org/fedora/objects/uuid:8af99501-826c-161c-e040-e00a18064530/datastreams/WIDE_THUMBNAIL/content",0,NULL
"b91d06e2-f986-4316-91c1-f9e66697757a","http://repo.nypl.org/fedora/objects/uuid:8af99501-826c-161c-e040-e00a18064530/datastreams/REFERENCE_THUMBNAIL/content",0,NULL
"27a25b9e-30d4-4efa-a162-96e23121e34e","http://repo.nypl.org/fedora/objects/uuid:8af99501-826d-161c-e040-e00a18064530/datastreams/WIDE_THUMBNAIL/content",0,NULL
"9f12d1e8-5082-437d-a60f-895d45d5957f","http://repo.nypl.org/fedora/objects/uuid:8af99501-826d-161c-e040-e00a18064530/datastreams/THUMBNAIL/content",0,NULL
"8898ab3c-9584-4a85-a19b-fc1e5b2981c4","http://repo.nypl.org/fedora/objects/uuid:8af99501-826d-161c-e040-e00a18064530/datastreams/REFERENCE_THUMBNAIL/content",0,NULL
"07e66967-0f9e-4fc6-808c-bcdd11076e2c","http://repo.nypl.org/fedora/objects/uuid:8af99501-826e-161c-e040-e00a18064530/datastreams/THUMBNAIL/content",0,NULL
"da40596e-4621-42da-80ff-89d842128ba8","http://repo.nypl.org/fedora/objects/uuid:8af99501-826e-161c-e040-e00a18064530/datastreams/WIDE_THUMBNAIL/content",0,NULL
"082ec086-94e5-42ff-ad47-a0a877b64aeb","http://repo.nypl.org/fedora/objects/uuid:8af99501-826e-161c-e040-e00a18064530/datastreams/REFERENCE_THUMBNAIL/content",0,NULL
"edac3e71-76bd-46c9-8858-111869bb3dd6","http://repo.nypl.org/fedora/objects/uuid:8af99501-826f-161c-e040-e00a18064530/datastreams/THUMBNAIL/content",0,NULL
"1483ac45-47e2-41c3-baee-b4c7419f1cf0","http://repo.nypl.org/fedora/objects/uuid:8af99501-826f-161c-e040-e00a18064530/datastreams/WIDE_THUMBNAIL/content",0,NULL
"d3756934-59d3-4093-ad51-f010a8d5791d","http://repo.nypl.org/fedora/objects/uuid:8af99501-826f-161c-e040-e00a18064530/datastreams/REFERENCE_THUMBNAIL/content",0,NULL
"1fdc99fd-d8cb-4955-aae6-7cb79f281405","http://repo.nypl.org/fedora/objects/uuid:8af99501-8270-161c-e040-e00a18064530/datastreams/WIDE_THUMBNAIL/content",0,NULL
"2718597f-7099-4509-9a55-46d3faf84e89","http://repo.nypl.org/fedora/objects/uuid:8af99501-8270-161c-e040-e00a18064530/datastreams/THUMBNAIL/content",0,NULL
"c3d65e6e-3d52-4d47-9086-554eb3d03495","http://repo.nypl.org/fedora/objects/uuid:8af99501-8270-161c-e040-e00a18064530/datastreams/REFERENCE_THUMBNAIL/content",0,NULL
"1c0dfadc-ba7f-4359-9699-8b763fbd8c3c","http://repo.nypl.org/fedora/objects/uuid:8af99501-8271-161c-e040-e00a18064530/datastreams/WIDE_THUMBNAIL/content",0,NULL
"cf5b423f-c12e-4faa-a547-93a02c066d9f","http://repo.nypl.org/fedora/objects/uuid:8af99501-8271-161c-e040-e00a18064530/datastreams/THUMBNAIL/content",0,NULL
"cd8930a6-3fca-4cd2-88ab-ad1131824bcb","http://repo.nypl.org/fedora/objects/uuid:8af99501-8271-161c-e040-e00a18064530/datastreams/REFERENCE_THUMBNAIL/content",0,NULL
"531c0875-0301-4863-893b-1dbf390ed4be","http://repo.nypl.org/fedora/objects/uuid:8af99501-8272-161c-e040-e00a18064530/datastreams/THUMBNAIL/content",0,NULL
"bd41d9a3-5384-4f29-a5e8-b542263dfc63","http://repo.nypl.org/fedora/objects/uuid:8af99501-8272-161c-e040-e00a18064530/datastreams/WIDE_THUMBNAIL/content",0,NULL
"792fa130-544e-4f79-a5cb-a08652a97293","http://repo.nypl.org/fedora/objects/uuid:8af99501-8272-161c-e040-e00a18064530/datastreams/REFERENCE_THUMBNAIL/content",0,NULL
"eacb52f6-3fdd-4254-b169-e768c68e228b","http://repo.nypl.org/fedora/objects/uuid:8af99501-8273-161c-e040-e00a18064530/datastreams/THUMBNAIL/content",0,NULL
"8cd40fa6-221a-4a18-b234-09435e01c4eb","http://repo.nypl.org/fedora/objects/uuid:8af99501-8273-161c-e040-e00a18064530/datastreams/WIDE_THUMBNAIL/content",0,NULL
"1c81abcd-5705-4772-b59b-066b56589bc7","http://repo.nypl.org/fedora/objects/uuid:8af99501-8273-161c-e040-e00a18064530/datastreams/REFERENCE_THUMBNAIL/content",0,NULL
"3e497849-83d8-4e6b-862c-5e96c3945503","http://repo.nypl.org/fedora/objects/uuid:8af99501-8274-161c-e040-e00a18064530/datastreams/THUMBNAIL/content",0,NULL
"2f0979e8-c3e3-432e-8ae5-0a1a9e602ffa","http://repo.nypl.org/fedora/objects/uuid:8af99501-8274-161c-e040-e00a18064530/datastreams/WIDE_THUMBNAIL/content",0,NULL
"a3c6108c-db48-4032-bbe8-8e0971891039","http://repo.nypl.org/fedora/objects/uuid:8af99501-8274-161c-e040-e00a18064530/datastreams/REFERENCE_THUMBNAIL/content",0,NULL
"656dfaab-989c-4218-91a3-4c90a236374a","http://repo.nypl.org/fedora/objects/uuid:8af99501-8275-161c-e040-e00a18064530/datastreams/THUMBNAIL/content",0,NULL
"91e5cf88-96d9-4824-92f3-91f17851cdc1","http://repo.nypl.org/fedora/objects/uuid:8af99501-8275-161c-e040-e00a18064530/datastreams/WIDE_THUMBNAIL/content",0,NULL
"ff3641d3-fc42-4fd8-b9ee-9a133ace7434","http://repo.nypl.org/fedora/objects/uuid:8af99501-8275-161c-e040-e00a18064530/datastreams/REFERENCE_THUMBNAIL/content",0,NULL
"3b7eaf9b-99e4-425b-8e0f-09cf0ae164f4","http://repo.nypl.org/fedora/objects/uuid:8af99501-8276-161c-e040-e00a18064530/datastreams/THUMBNAIL/content",0,NULL
"711cdd00-26a0-4a6a-ab58-eabf78dc9f24","http://repo.nypl.org/fedora/objects/uuid:8af99501-8276-161c-e040-e00a18064530/datastreams/WIDE_THUMBNAIL/content",0,NULL
"4007d078-f279-4563-a2d4-4c397b42285b","http://repo.nypl.org/fedora/objects/uuid:8af99501-8276-161c-e040-e00a18064530/datastreams/REFERENCE_THUMBNAIL/content",0,NULL
"5b340ad1-7d6e-4b32-978c-c85dee7f3552","http://repo.nypl.org/fedora/objects/uuid:8af99501-8277-161c-e040-e00a18064530/datastreams/THUMBNAIL/content",0,NULL
"323fcfe7-d7cb-44ec-a925-9e2c57703660","http://repo.nypl.org/fedora/objects/uuid:8af99501-8277-161c-e040-e00a18064530/datastreams/WIDE_THUMBNAIL/content",0,NULL
"4274b06e-334d-49cb-8b7a-ab14d80d3202","http://repo.nypl.org/fedora/objects/uuid:8af99501-8277-161c-e040-e00a18064530/datastreams/REFERENCE_THUMBNAIL/content",0,NULL
"387fde39-5021-4e64-88db-3335146acc06","http://repo.nypl.org/fedora/objects/uuid:8af99501-8278-161c-e040-e00a18064530/datastreams/WIDE_THUMBNAIL/content",0,NULL
"fdf7bf8b-6cfa-4976-b60a-25f5667ae221","http://repo.nypl.org/fedora/objects/uuid:8af99501-8278-161c-e040-e00a18064530/datastreams/THUMBNAIL/content",0,NULL
"62491324-6b5d-4c7c-ab15-49737464aab8","http://repo.nypl.org/fedora/objects/uuid:8af99501-8278-161c-e040-e00a18064530/datastreams/REFERENCE_THUMBNAIL/content",0,NULL
"e873f6a1-8215-4c4c-97df-5ababd20809b","http://repo.nypl.org/fedora/objects/uuid:8af99501-8279-161c-e040-e00a18064530/datastreams/THUMBNAIL/content",0,NULL
"3b5b27af-3a62-4cef-9ef6-7b262f6063fc","http://repo.nypl.org/fedora/objects/uuid:8af99501-8279-161c-e040-e00a18064530/datastreams/WIDE_THUMBNAIL/content",0,NULL
"fa695b66-e956-4cd2-b450-486bbcd526c7","http://repo.nypl.org/fedora/objects/uuid:8af99501-8279-161c-e040-e00a18064530/datastreams/REFERENCE_THUMBNAIL/content",0,NULL
"881d72a0-2d63-4a0d-a0bd-da7b8068d2fe","http://repo.nypl.org/fedora/objects/uuid:8af99501-827a-161c-e040-e00a18064530/datastreams/WIDE_THUMBNAIL/content",0,NULL
"e821d117-f72c-4092-b6ed-00c46873d3ef","http://repo.nypl.org/fedora/objects/uuid:8af99501-827a-161c-e040-e00a18064530/datastreams/THUMBNAIL/content",0,NULL
"d626bc97-fc38-4573-9a66-5870d62fe21b","http://repo.nypl.org/fedora/objects/uuid:8af99501-827a-161c-e040-e00a18064530/datastreams/REFERENCE_THUMBNAIL/content",0,NULL
"a41f650f-693d-4cfa-9641-6dac13980715","http://repo.nypl.org/fedora/objects/uuid:8af99501-827b-161c-e040-e00a18064530/datastreams/THUMBNAIL/content",0,NULL
"4f548a7e-d65b-4cac-abcb-d0902281f98b","http://repo.nypl.org/fedora/objects/uuid:8af99501-827b-161c-e040-e00a18064530/datastreams/WIDE_THUMBNAIL/content",0,NULL
"e7e0da7b-e400-43f1-b034-f566fa364925","http://repo.nypl.org/fedora/objects/uuid:8af99501-827b-161c-e040-e00a18064530/datastreams/REFERENCE_THUMBNAIL/content",0,NULL
"fba87e8a-673c-45ef-b9cc-b9b29fa1af53","http://repo.nypl.org/fedora/objects/uuid:8af99501-827c-161c-e040-e00a18064530/datastreams/THUMBNAIL/content",0,NULL
"748d5e65-af72-482f-82a7-abffc3165ce8","http://repo.nypl.org/fedora/objects/uuid:8af99501-827c-161c-e040-e00a18064530/datastreams/WIDE_THUMBNAIL/content",0,NULL
"b4198de8-8592-48fa-99a2-3b1db18cc7f9","http://repo.nypl.org/fedora/objects/uuid:8af99501-827c-161c-e040-e00a18064530/datastreams/REFERENCE_THUMBNAIL/content",0,NULL
"b97b9c20-2995-40f8-abcb-2c29c127d4d7","http://repo.nypl.org/fedora/objects/uuid:8af99501-827d-161c-e040-e00a18064530/datastreams/WIDE_THUMBNAIL/content",0,NULL
"5b33fb70-8a3f-4174-9734-0783b1ebfc7e","http://repo.nypl.org/fedora/objects/uuid:8af99501-827d-161c-e040-e00a18064530/datastreams/THUMBNAIL/content",0,NULL
"f7574e2e-6e8f-457e-8530-1884f50b07b7","http://repo.nypl.org/fedora/objects/uuid:8af99501-827d-161c-e040-e00a18064530/datastreams/REFERENCE_THUMBNAIL/content",0,NULL
"6bf8ba64-d2ec-4190-96f7-cf6280e51a15","http://repo.nypl.org/fedora/objects/uuid:8af99501-827e-161c-e040-e00a18064530/datastreams/THUMBNAIL/content",0,NULL
"336edcd2-ee27-4feb-ac23-f2c3b24c172c","http://repo.nypl.org/fedora/objects/uuid:8af99501-827e-161c-e040-e00a18064530/datastreams/WIDE_THUMBNAIL/content",0,NULL
"c982e76e-dde8-45af-8a63-83a2871c5435","http://repo.nypl.org/fedora/objects/uuid:8af99501-827e-161c-e040-e00a18064530/datastreams/REFERENCE_THUMBNAIL/content",0,NULL
"e7ab995d-92f4-4556-9ec3-121769ddd247","http://repo.nypl.org/fedora/objects/uuid:8af99501-827f-161c-e040-e00a18064530/datastreams/THUMBNAIL/content",0,NULL
"735bc86d-ff4f-467a-9b5c-d8eb5cfa6711","http://repo.nypl.org/fedora/objects/uuid:8af99501-827f-161c-e040-e00a18064530/datastreams/WIDE_THUMBNAIL/content",0,NULL
"48dea537-2bab-4f38-a3aa-ffd7a898531b","http://repo.nypl.org/fedora/objects/uuid:8af99501-827f-161c-e040-e00a18064530/datastreams/REFERENCE_THUMBNAIL/content",0,NULL
"264717cd-60cd-4b47-b138-c1a7fb268896","http://repo.nypl.org/fedora/objects/uuid:8af99501-8280-161c-e040-e00a18064530/datastreams/THUMBNAIL/content",0,NULL
"a5b1575f-edfe-4238-88b3-f8835e6d9036","http://repo.nypl.org/fedora/objects/uuid:8af99501-8280-161c-e040-e00a18064530/datastreams/WIDE_THUMBNAIL/content",0,NULL
"5b362eca-26f4-44c3-8f90-bb2002283e3b","http://repo.nypl.org/fedora/objects/uuid:8af99501-8280-161c-e040-e00a18064530/datastreams/REFERENCE_THUMBNAIL/content",0,NULL
"64da5544-4742-45db-884f-d77d84762aac","http://repo.nypl.org/fedora/objects/uuid:8af99501-8281-161c-e040-e00a18064530/datastreams/THUMBNAIL/content",0,NULL
"5cda951f-b0ce-46f0-937b-20ddc983c1d5","http://repo.nypl.org/fedora/objects/uuid:8af99501-8281-161c-e040-e00a18064530/datastreams/WIDE_THUMBNAIL/content",0,NULL
"60d8f517-238d-4b53-8ba6-d395d254595f","http://repo.nypl.org/fedora/objects/uuid:8af99501-8281-161c-e040-e00a18064530/datastreams/REFERENCE_THUMBNAIL/content",0,NULL
"fd0b5b88-3190-4071-afe9-dfa560d65e93","http://repo.nypl.org/fedora/objects/uuid:8af99501-8282-161c-e040-e00a18064530/datastreams/THUMBNAIL/content",0,NULL
"c3a87f7c-6466-4abe-b460-fd8b7bdddf5e","http://repo.nypl.org/fedora/objects/uuid:8af99501-8282-161c-e040-e00a18064530/datastreams/WIDE_THUMBNAIL/content",0,NULL
"cbe18054-b73f-4de9-aff5-d56b2823e9f9","http://repo.nypl.org/fedora/objects/uuid:8af99501-8282-161c-e040-e00a18064530/datastreams/REFERENCE_THUMBNAIL/content",0,NULL
"f6f5b137-f108-4eb3-a35f-7e1a005b01f2","http://repo.nypl.org/fedora/objects/uuid:8af99501-8283-161c-e040-e00a18064530/datastreams/THUMBNAIL/content",0,NULL
"b712c0b6-9f1a-4137-977d-47f87dca14c3","http://repo.nypl.org/fedora/objects/uuid:8af99501-8283-161c-e040-e00a18064530/datastreams/WIDE_THUMBNAIL/content",0,NULL
"591e26dd-d71b-4827-a594-b6597f980a17","http://repo.nypl.org/fedora/objects/uuid:8af99501-8283-161c-e040-e00a18064530/datastreams/REFERENCE_THUMBNAIL/content",0,NULL
"24632c39-b19d-4c77-a715-09915e4d8d51","http://repo.nypl.org/fedora/objects/uuid:8af99501-8284-161c-e040-e00a18064530/datastreams/THUMBNAIL/content",0,NULL
"03810e6e-f704-45ec-b0e0-7234fe16fd3f","http://repo.nypl.org/fedora/objects/uuid:8af99501-8284-161c-e040-e00a18064530/datastreams/WIDE_THUMBNAIL/content",0,NULL
"f36d4958-a4fe-4431-8138-672d6ed23bec","http://repo.nypl.org/fedora/objects/uuid:8af99501-8284-161c-e040-e00a18064530/datastreams/REFERENCE_THUMBNAIL/content",0,NULL
"ce2240aa-a9f5-4a23-88a8-98839b0c2d8e","http://repo.nypl.org/fedora/objects/uuid:8af99501-8285-161c-e040-e00a18064530/datastreams/WIDE_THUMBNAIL/content",0,NULL
"5e2e4c3f-dff7-4407-8b7a-98fb4de2c62b","http://repo.nypl.org/fedora/objects/uuid:8af99501-8285-161c-e040-e00a18064530/datastreams/THUMBNAIL/content",0,NULL
"860185a5-7e84-4a24-b733-2b31e6645bf8","http://repo.nypl.org/fedora/objects/uuid:8af99501-8285-161c-e040-e00a18064530/datastreams/REFERENCE_THUMBNAIL/content",0,NULL
"7c0d93c0-db42-4903-b66e-d43de35a8b79","http://repo.nypl.org/fedora/objects/uuid:8af99501-8286-161c-e040-e00a18064530/datastreams/THUMBNAIL/content",0,NULL
"c778a56f-705b-44dd-b066-6e6a6a9a3c0a","http://repo.nypl.org/fedora/objects/uuid:8af99501-8286-161c-e040-e00a18064530/datastreams/WIDE_THUMBNAIL/content",0,NULL
"274d85a1-f7eb-40c4-b7ed-4cf9fcba2cbc","http://repo.nypl.org/fedora/objects/uuid:8af99501-8286-161c-e040-e00a18064530/datastreams/REFERENCE_THUMBNAIL/content",0,NULL
"678078da-20ba-462a-bbf4-82196e3fda47","http://repo.nypl.org/fedora/objects/uuid:8af99501-8287-161c-e040-e00a18064530/datastreams/WIDE_THUMBNAIL/content",0,NULL
"0729d8ec-c82c-46e3-9978-5c37d51465b1","http://repo.nypl.org/fedora/objects/uuid:8af99501-8287-161c-e040-e00a18064530/datastreams/THUMBNAIL/content",0,NULL
"db7778d2-2c4d-4165-bfb0-17075b8f0329","http://repo.nypl.org/fedora/objects/uuid:8af99501-8287-161c-e040-e00a18064530/datastreams/REFERENCE_THUMBNAIL/content",0,NULL
"b2bd9d0a-6134-44d1-99b2-e6c6e85903b5","http://repo.nypl.org/fedora/objects/uuid:8af99501-8288-161c-e040-e00a18064530/datastreams/THUMBNAIL/content",0,NULL
"6a28d850-71ec-4bd5-b600-5dee1245aee3","http://repo.nypl.org/fedora/objects/uuid:8af99501-8288-161c-e040-e00a18064530/datastreams/WIDE_THUMBNAIL/content",0,NULL
"82822f86-54f5-440f-b972-bdc05df259ee","http://repo.nypl.org/fedora/objects/uuid:8af99501-8288-161c-e040-e00a18064530/datastreams/REFERENCE_THUMBNAIL/content",0,NULL
"f1ee1eef-6a59-4483-99f9-87afe95c10cf","http://repo.nypl.org/fedora/objects/uuid:8af99501-8289-161c-e040-e00a18064530/datastreams/THUMBNAIL/content",0,NULL
"80824957-4cee-4d83-8c83-7812d1b1e0d1","http://repo.nypl.org/fedora/objects/uuid:8af99501-8289-161c-e040-e00a18064530/datastreams/WIDE_THUMBNAIL/content",0,NULL
"36e5a427-620b-424a-bd54-1e4ef51b9289","http://repo.nypl.org/fedora/objects/uuid:8af99501-8289-161c-e040-e00a18064530/datastreams/REFERENCE_THUMBNAIL/content",0,NULL
"a44a1603-eee2-46dc-b040-f3894a54fdb0","http://repo.nypl.org/fedora/objects/uuid:8af99501-828a-161c-e040-e00a18064530/datastreams/THUMBNAIL/content",0,NULL
"ab2f1c7e-f999-4617-a7f2-cb990edc74b7","http://repo.nypl.org/fedora/objects/uuid:8af99501-828a-161c-e040-e00a18064530/datastreams/WIDE_THUMBNAIL/content",0,NULL
"74ccb701-babb-4fac-95c7-ec9fccf80f95","http://repo.nypl.org/fedora/objects/uuid:8af99501-828a-161c-e040-e00a18064530/datastreams/REFERENCE_THUMBNAIL/content",0,NULL
"71f69234-4cca-4cf7-94a2-4b11577073cc","http://repo.nypl.org/fedora/objects/uuid:8af99501-828b-161c-e040-e00a18064530/datastreams/WIDE_THUMBNAIL/content",0,NULL
"e4d5f04c-0053-4b4a-9a15-11cafa72d037","http://repo.nypl.org/fedora/objects/uuid:8af99501-828b-161c-e040-e00a18064530/datastreams/THUMBNAIL/content",0,NULL
"6c48eab6-438a-4020-a40b-586d518cfb3b","http://repo.nypl.org/fedora/objects/uuid:8af99501-828b-161c-e040-e00a18064530/datastreams/REFERENCE_THUMBNAIL/content",0,NULL
"df1b315e-1fe7-41fc-a563-91f4639f8785","http://repo.nypl.org/fedora/objects/uuid:8af99501-828c-161c-e040-e00a18064530/datastreams/THUMBNAIL/content",0,NULL
"c7486545-a8ad-462d-9098-b1eb4645aa52","http://repo.nypl.org/fedora/objects/uuid:8af99501-828c-161c-e040-e00a18064530/datastreams/WIDE_THUMBNAIL/content",0,NULL
"8acdc166-e292-4491-a5d2-18f855238ef8","http://repo.nypl.org/fedora/objects/uuid:8af99501-828c-161c-e040-e00a18064530/datastreams/REFERENCE_THUMBNAIL/content",0,NULL
"49598ec0-38d7-46ab-bb13-b186829857b4","http://repo.nypl.org/fedora/objects/uuid:8af99501-828d-161c-e040-e00a18064530/datastreams/THUMBNAIL/content",0,NULL
"3945fb79-1a3e-4a68-bebc-a5a07810bb27","http://repo.nypl.org/fedora/objects/uuid:8af99501-828d-161c-e040-e00a18064530/datastreams/WIDE_THUMBNAIL/content",0,NULL
"d8080432-d9f5-4862-a3e8-59b10f79f1a9","http://repo.nypl.org/fedora/objects/uuid:8af99501-828d-161c-e040-e00a18064530/datastreams/REFERENCE_THUMBNAIL/content",0,NULL
"e6f55c02-b4f5-476e-8128-21cd2fd1d49f","http://repo.nypl.org/fedora/objects/uuid:8af99501-828e-161c-e040-e00a18064530/datastreams/THUMBNAIL/content",0,NULL
"37da7815-20e8-44ba-9aa7-0b5162d71bfc","http://repo.nypl.org/fedora/objects/uuid:8af99501-828e-161c-e040-e00a18064530/datastreams/WIDE_THUMBNAIL/content",0,NULL
"51fe9e77-f7a5-4c3d-83f3-87bdd1792c42","http://repo.nypl.org/fedora/objects/uuid:8af99501-828e-161c-e040-e00a18064530/datastreams/REFERENCE_THUMBNAIL/content",0,NULL
"593e71ed-f50b-47aa-b540-90d619a89844","http://repo.nypl.org/fedora/objects/uuid:8af99501-828f-161c-e040-e00a18064530/datastreams/THUMBNAIL/content",0,NULL
"d7ca36ab-4574-480f-a277-403d07f75644","http://repo.nypl.org/fedora/objects/uuid:8af99501-828f-161c-e040-e00a18064530/datastreams/WIDE_THUMBNAIL/content",0,NULL
"75056b4f-ad8b-4ed1-8001-1fde81403a2f","http://repo.nypl.org/fedora/objects/uuid:8af99501-828f-161c-e040-e00a18064530/datastreams/REFERENCE_THUMBNAIL/content",0,NULL
"41939b5c-2ea2-4bef-bf4b-eef404017e39","http://repo.nypl.org/fedora/objects/uuid:8af99501-8290-161c-e040-e00a18064530/datastreams/THUMBNAIL/content",0,NULL
"83f05cc3-e22e-43b1-a51f-6a7e785e2068","http://repo.nypl.org/fedora/objects/uuid:8af99501-8290-161c-e040-e00a18064530/datastreams/WIDE_THUMBNAIL/content",0,NULL
"8448bfea-358f-4c4b-8aed-caeeba573434","http://repo.nypl.org/fedora/objects/uuid:8af99501-8290-161c-e040-e00a18064530/datastreams/REFERENCE_THUMBNAIL/content",0,NULL
"2c6c7b23-c9d8-4bd9-b274-47578856e297","http://repo.nypl.org/fedora/objects/uuid:8af99501-8291-161c-e040-e00a18064530/datastreams/THUMBNAIL/content",0,NULL
"3ab9c207-814e-446a-9379-56c03ba78064","http://repo.nypl.org/fedora/objects/uuid:8af99501-8291-161c-e040-e00a18064530/datastreams/WIDE_THUMBNAIL/content",0,NULL
"a7549e0a-b3c3-4d54-9791-b3c648f1b908","http://repo.nypl.org/fedora/objects/uuid:8af99501-8291-161c-e040-e00a18064530/datastreams/REFERENCE_THUMBNAIL/content",0,NULL
"41533651-0784-46d8-ab66-ea7b1e7d97ce","http://repo.nypl.org/fedora/objects/uuid:8af99501-8292-161c-e040-e00a18064530/datastreams/WIDE_THUMBNAIL/content",0,NULL
"f0ff06e6-96af-4e50-aaf6-bf983be39bc7","http://repo.nypl.org/fedora/objects/uuid:8af99501-8292-161c-e040-e00a18064530/datastreams/THUMBNAIL/content",0,NULL
"a44a942b-a1a6-4ce3-aa66-85e24e912598","http://repo.nypl.org/fedora/objects/uuid:8af99501-8292-161c-e040-e00a18064530/datastreams/REFERENCE_THUMBNAIL/content",0,NULL
"5591e9a9-929d-493f-85dd-a451daccb6d0","http://repo.nypl.org/fedora/objects/uuid:8af99501-8293-161c-e040-e00a18064530/datastreams/THUMBNAIL/content",0,NULL
"6a9f6db1-7d89-4992-a03a-740bc7a4551a","http://repo.nypl.org/fedora/objects/uuid:8af99501-8293-161c-e040-e00a18064530/datastreams/WIDE_THUMBNAIL/content",0,NULL
"6c5dcd88-c4c9-4846-9250-81a4ef05fe64","http://repo.nypl.org/fedora/objects/uuid:8af99501-8293-161c-e040-e00a18064530/datastreams/REFERENCE_THUMBNAIL/content",0,NULL
"973dbbb9-d762-4b84-925e-73921da0bda3","http://repo.nypl.org/fedora/objects/uuid:8af99501-8294-161c-e040-e00a18064530/datastreams/WIDE_THUMBNAIL/content",0,NULL
"8e09e8e6-0c21-4df1-98f2-d94c2c184b03","http://repo.nypl.org/fedora/objects/uuid:8af99501-8294-161c-e040-e00a18064530/datastreams/THUMBNAIL/content",0,NULL
"b73c3674-5dff-4aee-b30e-06b7460e7b34","http://repo.nypl.org/fedora/objects/uuid:8af99501-8294-161c-e040-e00a18064530/datastreams/REFERENCE_THUMBNAIL/content",0,NULL
"cb82a46b-2817-42a1-a21b-75ba951d39d2","http://repo.nypl.org/fedora/objects/uuid:8af99501-8295-161c-e040-e00a18064530/datastreams/THUMBNAIL/content",0,NULL
"68178975-740b-4b67-8b25-7914274cb474","http://repo.nypl.org/fedora/objects/uuid:8af99501-8295-161c-e040-e00a18064530/datastreams/WIDE_THUMBNAIL/content",0,NULL
"5a6a5ad0-e8d9-467e-b2ff-424dc0c8797a","http://repo.nypl.org/fedora/objects/uuid:8af99501-8295-161c-e040-e00a18064530/datastreams/REFERENCE_THUMBNAIL/content",0,NULL
"174f6fa2-7e32-4db3-9886-ec87d5280af4","http://repo.nypl.org/fedora/objects/uuid:8af99501-8296-161c-e040-e00a18064530/datastreams/THUMBNAIL/content",0,NULL
"779cea42-9c6b-482d-b5ba-efded79affbc","http://repo.nypl.org/fedora/objects/uuid:8af99501-8296-161c-e040-e00a18064530/datastreams/WIDE_THUMBNAIL/content",0,NULL
"c03cfa21-0256-45c8-ba3d-f99b9190ab23","http://repo.nypl.org/fedora/objects/uuid:8af99501-8296-161c-e040-e00a18064530/datastreams/REFERENCE_THUMBNAIL/content",0,NULL
"3ed5cd94-ef33-42ae-ad75-581ecb016760","http://repo.nypl.org/fedora/objects/uuid:8af99501-8297-161c-e040-e00a18064530/datastreams/WIDE_THUMBNAIL/content",0,NULL
"8cbcd215-a980-402a-982d-6010d3d9970d","http://repo.nypl.org/fedora/objects/uuid:8af99501-8297-161c-e040-e00a18064530/datastreams/THUMBNAIL/content",0,NULL
"577bce7c-977f-403d-9ad0-69f816428a66","http://repo.nypl.org/fedora/objects/uuid:8af99501-8297-161c-e040-e00a18064530/datastreams/REFERENCE_THUMBNAIL/content",0,NULL
"0f05ef65-1ea0-4d19-8873-37865435de71","http://repo.nypl.org/fedora/objects/uuid:8af99501-8298-161c-e040-e00a18064530/datastreams/THUMBNAIL/content",0,NULL
"6e5db51e-ea29-47e7-8b95-d32ee90ddfa1","http://repo.nypl.org/fedora/objects/uuid:8af99501-8298-161c-e040-e00a18064530/datastreams/WIDE_THUMBNAIL/content",0,NULL
"7cc37a0f-947c-45df-bf43-9b67c8dbb306","http://repo.nypl.org/fedora/objects/uuid:8af99501-8298-161c-e040-e00a18064530/datastreams/REFERENCE_THUMBNAIL/content",0,NULL
"fac65830-f73e-4ff2-ae96-f94ad1ef7e66","http://repo.nypl.org/fedora/objects/uuid:8af99501-8299-161c-e040-e00a18064530/datastreams/THUMBNAIL/content",0,NULL
"0347a478-b9e3-4d2b-9083-34ec2a66b92f","http://repo.nypl.org/fedora/objects/uuid:8af99501-8299-161c-e040-e00a18064530/datastreams/WIDE_THUMBNAIL/content",0,NULL
"76f32fdd-6e4b-452b-b038-45f4d1222292","http://repo.nypl.org/fedora/objects/uuid:8af99501-8299-161c-e040-e00a18064530/datastreams/REFERENCE_THUMBNAIL/content",0,NULL
"b30ae9d4-ab96-4102-b69a-7e7c8a4adcae","http://repo.nypl.org/fedora/objects/uuid:8af99501-829a-161c-e040-e00a18064530/datastreams/THUMBNAIL/content",0,NULL
"4baf4f87-0873-4820-b53e-82e8a44a21a7","http://repo.nypl.org/fedora/objects/uuid:8af99501-829a-161c-e040-e00a18064530/datastreams/WIDE_THUMBNAIL/content",0,NULL
"fd54511b-378a-4ac1-9f9d-1c0fb9cc3dc8","http://repo.nypl.org/fedora/objects/uuid:8af99501-829a-161c-e040-e00a18064530/datastreams/REFERENCE_THUMBNAIL/content",0,NULL
"4e486397-fe45-4e85-a44a-509d36e3025a","http://repo.nypl.org/fedora/objects/uuid:8af99501-829b-161c-e040-e00a18064530/datastreams/THUMBNAIL/content",0,NULL
"67327963-7ac3-4c1a-a681-8ea726bcfec8","http://repo.nypl.org/fedora/objects/uuid:8af99501-829b-161c-e040-e00a18064530/datastreams/WIDE_THUMBNAIL/content",0,NULL
"4d15fe0f-99c4-4fee-94af-51e1284f62ae","http://repo.nypl.org/fedora/objects/uuid:8af99501-829b-161c-e040-e00a18064530/datastreams/REFERENCE_THUMBNAIL/content",0,NULL
"8bececa3-8763-4a27-bca2-b0654dfdaf9e","http://repo.nypl.org/fedora/objects/uuid:8af99501-829c-161c-e040-e00a18064530/datastreams/THUMBNAIL/content",0,NULL
"1b31958a-a56f-4e13-81a1-fbe1554164df","http://repo.nypl.org/fedora/objects/uuid:8af99501-829c-161c-e040-e00a18064530/datastreams/WIDE_THUMBNAIL/content",0,NULL
"01fcb251-952c-4741-99cc-2344ebd8f8b0","http://repo.nypl.org/fedora/objects/uuid:8af99501-829c-161c-e040-e00a18064530/datastreams/REFERENCE_THUMBNAIL/content",0,NULL
"81cc467e-aac6-45c5-884c-f192d141da55","http://repo.nypl.org/fedora/objects/uuid:8af99501-829d-161c-e040-e00a18064530/datastreams/THUMBNAIL/content",0,NULL
"8da2e115-9967-4e4a-8a5a-bccc455500e6","http://repo.nypl.org/fedora/objects/uuid:8af99501-829d-161c-e040-e00a18064530/datastreams/WIDE_THUMBNAIL/content",0,NULL
"211ad69f-8986-4462-9410-539b19cb0851","http://repo.nypl.org/fedora/objects/uuid:8af99501-829d-161c-e040-e00a18064530/datastreams/REFERENCE_THUMBNAIL/content",0,NULL
"8ef45f9e-63c1-45a8-baa6-df4d9e792963","http://repo.nypl.org/fedora/objects/uuid:8af99501-829e-161c-e040-e00a18064530/datastreams/THUMBNAIL/content",0,NULL
"3ea903f3-321b-4d04-9bbc-1d13c6f418b3","http://repo.nypl.org/fedora/objects/uuid:8af99501-829e-161c-e040-e00a18064530/datastreams/WIDE_THUMBNAIL/content",0,NULL
"70d5801a-b197-4970-ad6b-56250d7e1a2c","http://repo.nypl.org/fedora/objects/uuid:8af99501-829e-161c-e040-e00a18064530/datastreams/REFERENCE_THUMBNAIL/content",0,NULL
"d626e126-f53a-433a-97fa-c57bedebfba5","http://repo.nypl.org/fedora/objects/uuid:8af99501-829f-161c-e040-e00a18064530/datastreams/WIDE_THUMBNAIL/content",0,NULL
"7d008403-5569-4404-8dbb-86471f87d39c","http://repo.nypl.org/fedora/objects/uuid:8af99501-829f-161c-e040-e00a18064530/datastreams/THUMBNAIL/content",0,NULL
"b34ffae1-48c8-400e-b3b3-7358f49ec226","http://repo.nypl.org/fedora/objects/uuid:8af99501-829f-161c-e040-e00a18064530/datastreams/REFERENCE_THUMBNAIL/content",0,NULL
"12a73305-bc79-4ab1-9301-5778159249fb","http://repo.nypl.org/fedora/objects/uuid:8af99501-82a0-161c-e040-e00a18064530/datastreams/THUMBNAIL/content",0,NULL
"205ce990-bd7d-44cd-ae78-ac9d4495d6b3","http://repo.nypl.org/fedora/objects/uuid:8af99501-82a0-161c-e040-e00a18064530/datastreams/WIDE_THUMBNAIL/content",0,NULL
"61827f02-f60f-4eb5-ad40-630c0cb43edc","http://repo.nypl.org/fedora/objects/uuid:8af99501-82a0-161c-e040-e00a18064530/datastreams/REFERENCE_THUMBNAIL/content",0,NULL
"562e7618-b401-4b6e-ac49-0398b4aecb3a","http://repo.nypl.org/fedora/objects/uuid:8af99501-82a1-161c-e040-e00a18064530/datastreams/WIDE_THUMBNAIL/content",0,NULL
"544fc9b0-4d4f-438d-ad41-188baa3f927f","http://repo.nypl.org/fedora/objects/uuid:8af99501-82a1-161c-e040-e00a18064530/datastreams/THUMBNAIL/content",0,NULL
"fe2111ce-07f9-4c90-a614-6f5f178a3f29","http://repo.nypl.org/fedora/objects/uuid:8af99501-82a1-161c-e040-e00a18064530/datastreams/REFERENCE_THUMBNAIL/content",0,NULL
"7ebecfd5-3c08-490a-b1d8-47e665a7dce1","http://repo.nypl.org/fedora/objects/uuid:8af99501-82a2-161c-e040-e00a18064530/datastreams/THUMBNAIL/content",0,NULL
"3c1744b9-007a-410c-8f15-54bb97b764fa","http://repo.nypl.org/fedora/objects/uuid:8af99501-82a2-161c-e040-e00a18064530/datastreams/WIDE_THUMBNAIL/content",0,NULL
"1248ecdd-317f-4da2-b5e4-eb3064a512d0","http://repo.nypl.org/fedora/objects/uuid:8af99501-82a2-161c-e040-e00a18064530/datastreams/REFERENCE_THUMBNAIL/content",0,NULL
"188a7c85-c416-4e02-a664-8bdbceb093c5","http://repo.nypl.org/fedora/objects/uuid:8af99501-82a3-161c-e040-e00a18064530/datastreams/THUMBNAIL/content",0,NULL
"d7b8ebae-b07b-477d-b703-3b9a3c8525b4","http://repo.nypl.org/fedora/objects/uuid:8af99501-82a3-161c-e040-e00a18064530/datastreams/WIDE_THUMBNAIL/content",0,NULL
"e534db04-6c1b-4aa4-ad0c-184a8781cfd8","http://repo.nypl.org/fedora/objects/uuid:8af99501-82a3-161c-e040-e00a18064530/datastreams/REFERENCE_THUMBNAIL/content",0,NULL
"398a4ff4-3728-42cd-94f3-ef6a77124700","http://repo.nypl.org/fedora/objects/uuid:8af99501-82a4-161c-e040-e00a18064530/datastreams/THUMBNAIL/content",0,NULL
"26d8737c-987f-45b3-b399-cc44751310e5","http://repo.nypl.org/fedora/objects/uuid:8af99501-82a4-161c-e040-e00a18064530/datastreams/WIDE_THUMBNAIL/content",0,NULL
"1bb1ee3a-5b67-4729-97ef-8e7aae25cd34","http://repo.nypl.org/fedora/objects/uuid:8af99501-82a4-161c-e040-e00a18064530/datastreams/REFERENCE_THUMBNAIL/content",0,NULL
"2de4c2e4-4bda-4aa1-b86e-5a9566c0605a","http://repo.nypl.org/fedora/objects/uuid:8af99501-82a5-161c-e040-e00a18064530/datastreams/THUMBNAIL/content",0,NULL
"9ea24547-2970-498b-a1fb-e53ce69042bb","http://repo.nypl.org/fedora/objects/uuid:8af99501-82a5-161c-e040-e00a18064530/datastreams/WIDE_THUMBNAIL/content",0,NULL
"0a0ab621-7c0a-4b54-8b2f-2ee350fb1bb8","http://repo.nypl.org/fedora/objects/uuid:8af99501-82a5-161c-e040-e00a18064530/datastreams/REFERENCE_THUMBNAIL/content",0,NULL
"9796f004-cfa6-4e51-8906-73ac24d32929","http://repo.nypl.org/fedora/objects/uuid:8af99501-82a6-161c-e040-e00a18064530/datastreams/THUMBNAIL/content",0,NULL
"3ea8bb28-6ad4-4bd3-ac2a-581a1fdeb6bc","http://repo.nypl.org/fedora/objects/uuid:8af99501-82a6-161c-e040-e00a18064530/datastreams/WIDE_THUMBNAIL/content",0,NULL
"4d38ac1f-7301-4f54-b978-83ccf7ed3e1f","http://repo.nypl.org/fedora/objects/uuid:8af99501-82a6-161c-e040-e00a18064530/datastreams/REFERENCE_THUMBNAIL/content",0,NULL
"624ec18a-bec0-4760-a481-fba4aa6656f7","http://repo.nypl.org/fedora/objects/uuid:8af99501-82a7-161c-e040-e00a18064530/datastreams/THUMBNAIL/content",0,NULL
"02e8ef20-a92e-4f96-9eed-9a295b3dd2fb","http://repo.nypl.org/fedora/objects/uuid:8af99501-82a7-161c-e040-e00a18064530/datastreams/WIDE_THUMBNAIL/content",0,NULL
"2997614f-ff61-4012-8ecd-d341446f0e3e","http://repo.nypl.org/fedora/objects/uuid:8af99501-82a7-161c-e040-e00a18064530/datastreams/REFERENCE_THUMBNAIL/content",0,NULL
"25da40b0-deb9-4916-b0cc-7f5109478e14","http://repo.nypl.org/fedora/objects/uuid:8af99501-82a8-161c-e040-e00a18064530/datastreams/THUMBNAIL/content",0,NULL
"7c04abe5-d5db-4e9f-ae02-fc1aab1408f7","http://repo.nypl.org/fedora/objects/uuid:8af99501-82a8-161c-e040-e00a18064530/datastreams/WIDE_THUMBNAIL/content",0,NULL
"49cca0f0-4b4a-4f0b-815f-9a43752310f2","http://repo.nypl.org/fedora/objects/uuid:8af99501-82a8-161c-e040-e00a18064530/datastreams/REFERENCE_THUMBNAIL/content",0,NULL
"f2634fe7-a351-4306-9901-0e1cdc0437b3","http://repo.nypl.org/fedora/objects/uuid:8af99501-82a9-161c-e040-e00a18064530/datastreams/THUMBNAIL/content",0,NULL
"c42f0db7-02d5-4f7a-974c-db97ef68d9e8","http://repo.nypl.org/fedora/objects/uuid:8af99501-82a9-161c-e040-e00a18064530/datastreams/WIDE_THUMBNAIL/content",0,NULL
"7b78aff3-0bb0-436f-a0f6-358a5fd9bdef","http://repo.nypl.org/fedora/objects/uuid:8af99501-82a9-161c-e040-e00a18064530/datastreams/REFERENCE_THUMBNAIL/content",0,NULL
"8854fb26-37a2-4148-8c53-641e2c9eb1fa","http://repo.nypl.org/fedora/objects/uuid:8af99501-82aa-161c-e040-e00a18064530/datastreams/THUMBNAIL/content",0,NULL
"4c0fc3fd-768e-472f-9ea1-5b324cc723ab","http://repo.nypl.org/fedora/objects/uuid:8af99501-82aa-161c-e040-e00a18064530/datastreams/WIDE_THUMBNAIL/content",0,NULL
"bcc9633f-21bb-45f9-a9bb-fd62aadf5201","http://repo.nypl.org/fedora/objects/uuid:8af99501-82aa-161c-e040-e00a18064530/datastreams/REFERENCE_THUMBNAIL/content",0,NULL
"1d983da1-9627-4bc3-b8ad-18c18a661d96","http://repo.nypl.org/fedora/objects/uuid:8af99501-82ab-161c-e040-e00a18064530/datastreams/THUMBNAIL/content",0,NULL
"d1b417e2-edb5-48fc-a20a-330fcf56b200","http://repo.nypl.org/fedora/objects/uuid:8af99501-82ab-161c-e040-e00a18064530/datastreams/WIDE_THUMBNAIL/content",0,NULL
"19629eb7-9e93-4c43-a9a9-7dced15980ca","http://repo.nypl.org/fedora/objects/uuid:8af99501-82ab-161c-e040-e00a18064530/datastreams/REFERENCE_THUMBNAIL/content",0,NULL
"0d3b98b0-53cd-457c-b2d1-4f41dd7aa1dc","http://repo.nypl.org/fedora/objects/uuid:8af99501-82ac-161c-e040-e00a18064530/datastreams/WIDE_THUMBNAIL/content",0,NULL
"ccf538c6-b6a6-4b68-92a2-d274eaf71e98","http://repo.nypl.org/fedora/objects/uuid:8af99501-82ac-161c-e040-e00a18064530/datastreams/THUMBNAIL/content",0,NULL
"b8171d6a-347b-46fe-9bf1-84e31fd983bf","http://repo.nypl.org/fedora/objects/uuid:8af99501-82ac-161c-e040-e00a18064530/datastreams/REFERENCE_THUMBNAIL/content",0,NULL
"355c6406-b55d-4b1f-99e4-2c0323ee0f2d","http://repo.nypl.org/fedora/objects/uuid:8af99501-82ad-161c-e040-e00a18064530/datastreams/THUMBNAIL/content",0,NULL
"ce831e22-1069-4164-98c4-006ac490145f","http://repo.nypl.org/fedora/objects/uuid:8af99501-82ad-161c-e040-e00a18064530/datastreams/WIDE_THUMBNAIL/content",0,NULL
"9cfd090e-7f15-4485-8c6e-6e56ef5aac7d","http://repo.nypl.org/fedora/objects/uuid:8af99501-82ad-161c-e040-e00a18064530/datastreams/REFERENCE_THUMBNAIL/content",0,NULL
"b6b95dad-45a0-470f-a954-c826a40462b6","http://repo.nypl.org/fedora/objects/uuid:8af99501-82ae-161c-e040-e00a18064530/datastreams/WIDE_THUMBNAIL/content",0,NULL
"c305f320-669b-4307-93fa-0c097c689870","http://repo.nypl.org/fedora/objects/uuid:8af99501-82ae-161c-e040-e00a18064530/datastreams/THUMBNAIL/content",0,NULL
"5892f838-acdd-4f6a-99cd-e1de919fd0c7","http://repo.nypl.org/fedora/objects/uuid:8af99501-82ae-161c-e040-e00a18064530/datastreams/REFERENCE_THUMBNAIL/content",0,NULL
"730791bc-4607-410a-a98e-8f0b3e888187","http://repo.nypl.org/fedora/objects/uuid:8af99501-82af-161c-e040-e00a18064530/datastreams/THUMBNAIL/content",0,NULL
"9afee19b-baea-4d28-ba6e-5bfe6382ccbc","http://repo.nypl.org/fedora/objects/uuid:8af99501-82af-161c-e040-e00a18064530/datastreams/WIDE_THUMBNAIL/content",0,NULL
"8f76425a-3c81-46ea-9bca-28ea2fe3817a","http://repo.nypl.org/fedora/objects/uuid:8af99501-82af-161c-e040-e00a18064530/datastreams/REFERENCE_THUMBNAIL/content",0,NULL
"21167e2c-c6ea-4a29-93ac-094bc0bae237","http://repo.nypl.org/fedora/objects/uuid:8af99501-82b0-161c-e040-e00a18064530/datastreams/THUMBNAIL/content",0,NULL
"8844be85-1aa5-4e06-a968-a5c66d00bbb6","http://repo.nypl.org/fedora/objects/uuid:8af99501-82b0-161c-e040-e00a18064530/datastreams/WIDE_THUMBNAIL/content",0,NULL
"fc10d5c3-f8bc-4d91-8799-7ce47d97d499","http://repo.nypl.org/fedora/objects/uuid:8af99501-82b0-161c-e040-e00a18064530/datastreams/REFERENCE_THUMBNAIL/content",0,NULL
"a93eb56a-af43-45f5-ae78-8fd21a3a7514","http://repo.nypl.org/fedora/objects/uuid:8af99501-82b1-161c-e040-e00a18064530/datastreams/THUMBNAIL/content",0,NULL
"e23fa494-7955-40d9-af45-c26dd3f94ae2","http://repo.nypl.org/fedora/objects/uuid:8af99501-82b1-161c-e040-e00a18064530/datastreams/WIDE_THUMBNAIL/content",0,NULL
"19697acd-65ec-4685-b123-37efaf0be0d5","http://repo.nypl.org/fedora/objects/uuid:8af99501-82b1-161c-e040-e00a18064530/datastreams/REFERENCE_THUMBNAIL/content",0,NULL
"f9d1c2db-dbd4-4937-a2e9-82308cf6cce4","http://repo.nypl.org/fedora/objects/uuid:8af99501-82b2-161c-e040-e00a18064530/datastreams/THUMBNAIL/content",0,NULL
"99bd6253-0fae-49cc-aed4-5b55f626c9c5","http://repo.nypl.org/fedora/objects/uuid:8af99501-82b2-161c-e040-e00a18064530/datastreams/WIDE_THUMBNAIL/content",0,NULL
"06a63d5e-d629-466c-be02-a1cadabba1d4","http://repo.nypl.org/fedora/objects/uuid:8af99501-82b2-161c-e040-e00a18064530/datastreams/REFERENCE_THUMBNAIL/content",0,NULL
"542f145b-93c6-491e-8070-eba8e5549d50","http://repo.nypl.org/fedora/objects/uuid:8af99501-82b3-161c-e040-e00a18064530/datastreams/THUMBNAIL/content",0,NULL
"8102f7c4-30fb-4397-8926-e25c687af8e6","http://repo.nypl.org/fedora/objects/uuid:8af99501-82b3-161c-e040-e00a18064530/datastreams/WIDE_THUMBNAIL/content",0,NULL
"76eca50d-9797-4de3-a076-0b68974f21ea","http://repo.nypl.org/fedora/objects/uuid:8af99501-82b3-161c-e040-e00a18064530/datastreams/REFERENCE_THUMBNAIL/content",0,NULL
"db6594fb-e6e9-4a58-a563-1599b8c8c3f2","http://repo.nypl.org/fedora/objects/uuid:8af99501-82b4-161c-e040-e00a18064530/datastreams/WIDE_THUMBNAIL/content",0,NULL
"eeb8191b-1c2b-4afe-a4f3-8904d1a4270f","http://repo.nypl.org/fedora/objects/uuid:8af99501-82b4-161c-e040-e00a18064530/datastreams/THUMBNAIL/content",0,NULL
"60f6c6a2-4d16-4278-869b-b943063a94c6","http://repo.nypl.org/fedora/objects/uuid:8af99501-82b4-161c-e040-e00a18064530/datastreams/REFERENCE_THUMBNAIL/content",0,NULL
"68727dfe-5af9-45cb-a570-ff0bcf26e6de","http://repo.nypl.org/fedora/objects/uuid:8af99501-82b5-161c-e040-e00a18064530/datastreams/THUMBNAIL/content",0,NULL
"618a07a7-231e-45f5-8fc7-33302d3acd28","http://repo.nypl.org/fedora/objects/uuid:8af99501-82b5-161c-e040-e00a18064530/datastreams/WIDE_THUMBNAIL/content",0,NULL
"1894844c-bba7-49fa-95b2-7d99f675ee0c","http://repo.nypl.org/fedora/objects/uuid:8af99501-82b5-161c-e040-e00a18064530/datastreams/REFERENCE_THUMBNAIL/content",0,NULL
"49279c43-b328-4809-9885-c9ef2b9acd8c","http://repo.nypl.org/fedora/objects/uuid:8af99501-82b6-161c-e040-e00a18064530/datastreams/THUMBNAIL/content",0,NULL
"bfb108ee-f1b9-476c-9722-65602478465a","http://repo.nypl.org/fedora/objects/uuid:8af99501-82b6-161c-e040-e00a18064530/datastreams/WIDE_THUMBNAIL/content",0,NULL
"75fd03e8-24b8-49fa-aaaa-6bbccf7dd76e","http://repo.nypl.org/fedora/objects/uuid:8af99501-82b6-161c-e040-e00a18064530/datastreams/REFERENCE_THUMBNAIL/content",0,NULL
"3fdb9512-c43d-4380-b1f7-17d99ef3e1fd","http://repo.nypl.org/fedora/objects/uuid:8af99501-82b7-161c-e040-e00a18064530/datastreams/WIDE_THUMBNAIL/content",0,NULL
"3d88dfee-76af-4421-b15c-1b00a40a6147","http://repo.nypl.org/fedora/objects/uuid:8af99501-82b7-161c-e040-e00a18064530/datastreams/THUMBNAIL/content",0,NULL
"0a53163f-71bc-426b-9774-5e5b6b4bfa3e","http://repo.nypl.org/fedora/objects/uuid:8af99501-82b7-161c-e040-e00a18064530/datastreams/REFERENCE_THUMBNAIL/content",0,NULL
"a94d7477-f707-4f91-831a-f1c96cade334","http://repo.nypl.org/fedora/objects/uuid:8af99501-82b8-161c-e040-e00a18064530/datastreams/WIDE_THUMBNAIL/content",0,NULL
"31971e2d-1623-4e9b-a8ca-640b25590aae","http://repo.nypl.org/fedora/objects/uuid:8af99501-82b8-161c-e040-e00a18064530/datastreams/THUMBNAIL/content",0,NULL
"7d8ab507-dfb6-451e-80ab-a219b81fd2dc","http://repo.nypl.org/fedora/objects/uuid:8af99501-82b8-161c-e040-e00a18064530/datastreams/REFERENCE_THUMBNAIL/content",0,NULL
"6362a601-b456-4308-adcd-ada0fd401f9b","http://repo.nypl.org/fedora/objects/uuid:8af99501-82b9-161c-e040-e00a18064530/datastreams/THUMBNAIL/content",0,NULL
"d8d4958a-867c-48a5-ab0f-8be2827886a5","http://repo.nypl.org/fedora/objects/uuid:8af99501-82b9-161c-e040-e00a18064530/datastreams/WIDE_THUMBNAIL/content",0,NULL
"623d4cad-6b8d-4fda-be9a-30e036e081a0","http://repo.nypl.org/fedora/objects/uuid:8af99501-82b9-161c-e040-e00a18064530/datastreams/REFERENCE_THUMBNAIL/content",0,NULL
"9d4d07ef-5751-474e-88c0-53eabc7375fe","http://repo.nypl.org/fedora/objects/uuid:8af99501-82ba-161c-e040-e00a18064530/datastreams/WIDE_THUMBNAIL/content",0,NULL
"e375c6b7-cd7e-478a-aaff-fc85b0c03424","http://repo.nypl.org/fedora/objects/uuid:8af99501-82ba-161c-e040-e00a18064530/datastreams/THUMBNAIL/content",0,NULL
"c3228117-6989-4be3-980f-ce524213a32d","http://repo.nypl.org/fedora/objects/uuid:8af99501-82ba-161c-e040-e00a18064530/datastreams/REFERENCE_THUMBNAIL/content",0,NULL
"c54560f0-6a75-4fa1-97e4-cadf2c36dc22","http://repo.nypl.org/fedora/objects/uuid:8af99501-82bb-161c-e040-e00a18064530/datastreams/THUMBNAIL/content",0,NULL
"fb6bd82a-50fe-4736-a5dc-55105f091667","http://repo.nypl.org/fedora/objects/uuid:8af99501-82bb-161c-e040-e00a18064530/datastreams/WIDE_THUMBNAIL/content",0,NULL
"52bc5aa5-3dfa-418e-a4d4-013e962802df","http://repo.nypl.org/fedora/objects/uuid:8af99501-82bb-161c-e040-e00a18064530/datastreams/REFERENCE_THUMBNAIL/content",0,NULL
"03c438b0-bfef-44e0-a426-a67989f319f0","http://repo.nypl.org/fedora/objects/uuid:8af99501-82bc-161c-e040-e00a18064530/datastreams/THUMBNAIL/content",0,NULL
"6cfb1d34-4349-4c89-8b37-f0aaf80f4588","http://repo.nypl.org/fedora/objects/uuid:8af99501-82bc-161c-e040-e00a18064530/datastreams/WIDE_THUMBNAIL/content",0,NULL
"c927649e-b8cb-42fe-bda1-eae8fa0dcc22","http://repo.nypl.org/fedora/objects/uuid:8af99501-82bc-161c-e040-e00a18064530/datastreams/REFERENCE_THUMBNAIL/content",0,NULL
"2a7971e2-3d25-44ac-97e5-591efd37c606","http://repo.nypl.org/fedora/objects/uuid:8af99501-82bd-161c-e040-e00a18064530/datastreams/WIDE_THUMBNAIL/content",0,NULL
"7c1309c6-97d8-4839-b93b-6c46e28b2ada","http://repo.nypl.org/fedora/objects/uuid:8af99501-82bd-161c-e040-e00a18064530/datastreams/THUMBNAIL/content",0,NULL
"77865d7c-0065-4e9b-8aaf-9e0959b226d9","http://repo.nypl.org/fedora/objects/uuid:8af99501-82bd-161c-e040-e00a18064530/datastreams/REFERENCE_THUMBNAIL/content",0,NULL
"1326cd1a-4eb4-472d-8c05-866ea4db26f1","http://repo.nypl.org/fedora/objects/uuid:8af99501-82be-161c-e040-e00a18064530/datastreams/THUMBNAIL/content",0,NULL
"1cdb83ea-3ed2-40a5-a486-fab4fd97609b","http://repo.nypl.org/fedora/objects/uuid:8af99501-82be-161c-e040-e00a18064530/datastreams/WIDE_THUMBNAIL/content",0,NULL
"09211ac6-f614-4aa3-83fa-9d43b5970e21","http://repo.nypl.org/fedora/objects/uuid:8af99501-82be-161c-e040-e00a18064530/datastreams/REFERENCE_THUMBNAIL/content",0,NULL
"7042e7db-5a0b-4046-89d5-ad72d3554def","http://repo.nypl.org/fedora/objects/uuid:8af99501-82bf-161c-e040-e00a18064530/datastreams/THUMBNAIL/content",0,NULL
"2943fb08-3260-4dce-aba7-a7cf419cc7e1","http://repo.nypl.org/fedora/objects/uuid:8af99501-82bf-161c-e040-e00a18064530/datastreams/WIDE_THUMBNAIL/content",0,NULL
"fa778197-c006-47f9-a8e4-b076161d8c5e","http://repo.nypl.org/fedora/objects/uuid:8af99501-82bf-161c-e040-e00a18064530/datastreams/REFERENCE_THUMBNAIL/content",0,NULL
"c9c788f7-4bb2-46d4-8700-58020825cd81","http://repo.nypl.org/fedora/objects/uuid:8af99501-82c0-161c-e040-e00a18064530/datastreams/THUMBNAIL/content",0,NULL
"aa73ae54-a640-439c-8f65-44778d1352fe","http://repo.nypl.org/fedora/objects/uuid:8af99501-82c0-161c-e040-e00a18064530/datastreams/WIDE_THUMBNAIL/content",0,NULL
"d1678fa4-2f05-49ce-8bfd-d2dfdfe69999","http://repo.nypl.org/fedora/objects/uuid:8af99501-82c0-161c-e040-e00a18064530/datastreams/REFERENCE_THUMBNAIL/content",0,NULL
"e11f1566-a34b-4c40-bb63-99a5b06d8e9d","http://repo.nypl.org/fedora/objects/uuid:8af99501-82c1-161c-e040-e00a18064530/datastreams/THUMBNAIL/content",0,NULL
"27191635-09f4-4f32-aff9-ccff24e2a94d","http://repo.nypl.org/fedora/objects/uuid:8af99501-82c1-161c-e040-e00a18064530/datastreams/WIDE_THUMBNAIL/content",0,NULL
"49f5350d-0a69-47d1-ad53-38dc2698f975","http://repo.nypl.org/fedora/objects/uuid:8af99501-82c1-161c-e040-e00a18064530/datastreams/REFERENCE_THUMBNAIL/content",0,NULL
"b589b18d-a673-410f-bdc0-394a62ee2b24","http://repo.nypl.org/fedora/objects/uuid:8af99501-82c2-161c-e040-e00a18064530/datastreams/THUMBNAIL/content",0,NULL
"80439015-8bc6-4358-812f-64e4e3b85692","http://repo.nypl.org/fedora/objects/uuid:8af99501-82c2-161c-e040-e00a18064530/datastreams/WIDE_THUMBNAIL/content",0,NULL
"830a3530-1160-439d-ac30-98ea92f233ba","http://repo.nypl.org/fedora/objects/uuid:8af99501-82c2-161c-e040-e00a18064530/datastreams/REFERENCE_THUMBNAIL/content",0,NULL
"d981a107-a487-40e0-8ad2-86bfdc844cef","http://repo.nypl.org/fedora/objects/uuid:8af99501-82c3-161c-e040-e00a18064530/datastreams/THUMBNAIL/content",0,NULL
"1553924d-6cc7-4f16-8909-df59ed3b232f","http://repo.nypl.org/fedora/objects/uuid:8af99501-82c3-161c-e040-e00a18064530/datastreams/WIDE_THUMBNAIL/content",0,NULL
"5e3eeace-bd5c-4f78-aa29-eeafb95866e8","http://repo.nypl.org/fedora/objects/uuid:8af99501-82c3-161c-e040-e00a18064530/datastreams/REFERENCE_THUMBNAIL/content",0,NULL
"f19f4f67-febd-4f5d-a674-4c1f9bea6536","http://repo.nypl.org/fedora/objects/uuid:8af99501-82c4-161c-e040-e00a18064530/datastreams/THUMBNAIL/content",0,NULL
"381b8367-d23d-4f60-a1df-82b6872740e7","http://repo.nypl.org/fedora/objects/uuid:8af99501-82c4-161c-e040-e00a18064530/datastreams/WIDE_THUMBNAIL/content",0,NULL
"dd37fa15-d5ae-492a-973a-ecb6a35bfe33","http://repo.nypl.org/fedora/objects/uuid:8af99501-82c4-161c-e040-e00a18064530/datastreams/REFERENCE_THUMBNAIL/content",0,NULL
"9d344eac-1dd9-4b7b-9cf3-8baffbe90f7b","http://repo.nypl.org/fedora/objects/uuid:8af99501-82c5-161c-e040-e00a18064530/datastreams/WIDE_THUMBNAIL/content",0,NULL
"544f0ce6-0f3e-410d-8bb3-dc3468b5e117","http://repo.nypl.org/fedora/objects/uuid:8af99501-82c5-161c-e040-e00a18064530/datastreams/THUMBNAIL/content",0,NULL
"ccc33eb2-0b12-478d-9392-45bdfd7cd5d1","http://repo.nypl.org/fedora/objects/uuid:8af99501-82c5-161c-e040-e00a18064530/datastreams/REFERENCE_THUMBNAIL/content",0,NULL
"b4808645-c2fb-4e52-bddb-68a79cb5e29b","http://repo.nypl.org/fedora/objects/uuid:8af99501-82c6-161c-e040-e00a18064530/datastreams/THUMBNAIL/content",0,NULL
"da289c4a-ef8c-4e96-9863-0e92a0c6ce31","http://repo.nypl.org/fedora/objects/uuid:8af99501-82c6-161c-e040-e00a18064530/datastreams/WIDE_THUMBNAIL/content",0,NULL
"d226b56c-78c3-48ec-a517-79c3b4fc014a","http://repo.nypl.org/fedora/objects/uuid:8af99501-82c6-161c-e040-e00a18064530/datastreams/REFERENCE_THUMBNAIL/content",0,NULL
"68160db2-6742-4a8a-86b6-f426f55dd5ee","http://repo.nypl.org/fedora/objects/uuid:8af99501-82c7-161c-e040-e00a18064530/datastreams/WIDE_THUMBNAIL/content",0,NULL
"c208ea8d-c3a0-4098-b11d-7ad6c4aa5a9e","http://repo.nypl.org/fedora/objects/uuid:8af99501-82c7-161c-e040-e00a18064530/datastreams/THUMBNAIL/content",0,NULL
"e6b744ac-0947-4a52-9c54-0de8ec118fd1","http://repo.nypl.org/fedora/objects/uuid:8af99501-82c7-161c-e040-e00a18064530/datastreams/REFERENCE_THUMBNAIL/content",0,NULL
"7bb25bcd-f836-43b9-844b-97265c3fd1ab","http://repo.nypl.org/fedora/objects/uuid:8af99501-82c8-161c-e040-e00a18064530/datastreams/THUMBNAIL/content",0,NULL
"403e2d41-6835-4a0c-bc8f-c5ae4137cc81","http://repo.nypl.org/fedora/objects/uuid:8af99501-82c8-161c-e040-e00a18064530/datastreams/WIDE_THUMBNAIL/content",0,NULL
"98202ec3-a9e2-4186-b7d7-d11e6aaae2a8","http://repo.nypl.org/fedora/objects/uuid:8af99501-82c8-161c-e040-e00a18064530/datastreams/REFERENCE_THUMBNAIL/content",0,NULL
"ba9c15ee-d7ff-4046-ae96-ed5243e855ef","http://repo.nypl.org/fedora/objects/uuid:8af99501-82c9-161c-e040-e00a18064530/datastreams/THUMBNAIL/content",0,NULL
"7f5796d2-8afc-47e9-9cf3-feb6160d8b0e","http://repo.nypl.org/fedora/objects/uuid:8af99501-82c9-161c-e040-e00a18064530/datastreams/WIDE_THUMBNAIL/content",0,NULL
"bfd804aa-4597-4736-854d-6bf6b24c202f","http://repo.nypl.org/fedora/objects/uuid:8af99501-82c9-161c-e040-e00a18064530/datastreams/REFERENCE_THUMBNAIL/content",0,NULL
"2b94df12-fb7c-4950-aba9-924e18ca1aef","http://repo.nypl.org/fedora/objects/uuid:8af99501-82ca-161c-e040-e00a18064530/datastreams/WIDE_THUMBNAIL/content",0,NULL
"6ee90f99-b036-49aa-9867-5dc8e465c1eb","http://repo.nypl.org/fedora/objects/uuid:8af99501-82ca-161c-e040-e00a18064530/datastreams/THUMBNAIL/content",0,NULL
"efffcffc-5acc-496f-a9c1-882b7639a59a","http://repo.nypl.org/fedora/objects/uuid:8af99501-82ca-161c-e040-e00a18064530/datastreams/REFERENCE_THUMBNAIL/content",0,NULL
"1807df11-fb64-457b-9222-90a78ed30ba4","http://repo.nypl.org/fedora/objects/uuid:8af99501-82cb-161c-e040-e00a18064530/datastreams/THUMBNAIL/content",0,NULL
"8f838edf-0616-4406-a03c-1b872eb3f1d1","http://repo.nypl.org/fedora/objects/uuid:8af99501-82cb-161c-e040-e00a18064530/datastreams/WIDE_THUMBNAIL/content",0,NULL
"e9978450-549a-4858-b604-716aca987876","http://repo.nypl.org/fedora/objects/uuid:8af99501-82cb-161c-e040-e00a18064530/datastreams/REFERENCE_THUMBNAIL/content",0,NULL
"6b5d246b-63b0-43d2-a983-a1635771ea88","http://repo.nypl.org/fedora/objects/uuid:8af99501-82cc-161c-e040-e00a18064530/datastreams/THUMBNAIL/content",0,NULL
"b40097ee-7ff6-49d6-ac10-f99f9393cb4f","http://repo.nypl.org/fedora/objects/uuid:8af99501-82cc-161c-e040-e00a18064530/datastreams/WIDE_THUMBNAIL/content",0,NULL
"7e1d0b1d-2b89-46b5-a809-9309255853be","http://repo.nypl.org/fedora/objects/uuid:8af99501-82cc-161c-e040-e00a18064530/datastreams/REFERENCE_THUMBNAIL/content",0,NULL
"4f35816f-6665-4389-bc94-ca51e827bc53","http://repo.nypl.org/fedora/objects/uuid:8af99501-82cd-161c-e040-e00a18064530/datastreams/THUMBNAIL/content",0,NULL
"566c4bd3-a526-498f-ae57-dcfdd63a3563","http://repo.nypl.org/fedora/objects/uuid:8af99501-82cd-161c-e040-e00a18064530/datastreams/WIDE_THUMBNAIL/content",0,NULL
"e458da1f-3a29-4562-9082-8e0ab2a078a2","http://repo.nypl.org/fedora/objects/uuid:8af99501-82cd-161c-e040-e00a18064530/datastreams/REFERENCE_THUMBNAIL/content",0,NULL
"ceace06c-7096-4b7c-8f17-49211179aa9e","http://repo.nypl.org/fedora/objects/uuid:8af99501-82ce-161c-e040-e00a18064530/datastreams/THUMBNAIL/content",0,NULL
"d55dc5de-f27b-4136-ae89-2335a18d1d86","http://repo.nypl.org/fedora/objects/uuid:8af99501-82ce-161c-e040-e00a18064530/datastreams/WIDE_THUMBNAIL/content",0,NULL
"a27b2bb6-6444-4982-b9d6-30a606572ee6","http://repo.nypl.org/fedora/objects/uuid:8af99501-82ce-161c-e040-e00a18064530/datastreams/REFERENCE_THUMBNAIL/content",0,NULL
"febd5d84-1e91-4580-bdd0-afaaba24dee6","http://repo.nypl.org/fedora/objects/uuid:8af99501-82cf-161c-e040-e00a18064530/datastreams/THUMBNAIL/content",0,NULL
"b00697cc-160c-4874-8323-0bcc07e95619","http://repo.nypl.org/fedora/objects/uuid:8af99501-82cf-161c-e040-e00a18064530/datastreams/WIDE_THUMBNAIL/content",0,NULL
"7bba2417-84a3-4138-b590-b328c6a51601","http://repo.nypl.org/fedora/objects/uuid:8af99501-82cf-161c-e040-e00a18064530/datastreams/REFERENCE_THUMBNAIL/content",0,NULL
"1a9c53b8-bc76-449d-947a-3c8110833840","http://repo.nypl.org/fedora/objects/uuid:8af99501-82d0-161c-e040-e00a18064530/datastreams/THUMBNAIL/content",0,NULL
"f59a177d-5b65-42c0-8372-d4f6fde89375","http://repo.nypl.org/fedora/objects/uuid:8af99501-82d0-161c-e040-e00a18064530/datastreams/WIDE_THUMBNAIL/content",0,NULL
"e03851f7-b04d-4863-bf15-e9a2d78ab5ee","http://repo.nypl.org/fedora/objects/uuid:8af99501-82d0-161c-e040-e00a18064530/datastreams/REFERENCE_THUMBNAIL/content",0,NULL
"cccd51e1-8548-4cd2-bc19-be6d5d0f37f7","http://repo.nypl.org/fedora/objects/uuid:8af99501-82d1-161c-e040-e00a18064530/datastreams/THUMBNAIL/content",0,NULL
"1d8abf97-4172-415e-b36d-758a875aae62","http://repo.nypl.org/fedora/objects/uuid:8af99501-82d1-161c-e040-e00a18064530/datastreams/WIDE_THUMBNAIL/content",0,NULL
"0e723285-ed62-4a19-9809-068b5f692f45","http://repo.nypl.org/fedora/objects/uuid:8af99501-82d1-161c-e040-e00a18064530/datastreams/REFERENCE_THUMBNAIL/content",0,NULL
"75c2686c-163c-456d-9254-4059e8727dce","http://repo.nypl.org/fedora/objects/uuid:8af99501-82d2-161c-e040-e00a18064530/datastreams/WIDE_THUMBNAIL/content",0,NULL
"0ddd2382-f0e4-42b7-b780-f445bb942ac7","http://repo.nypl.org/fedora/objects/uuid:8af99501-82d2-161c-e040-e00a18064530/datastreams/THUMBNAIL/content",0,NULL
"d01e591d-b0b8-41a7-91c1-a0cf0c063014","http://repo.nypl.org/fedora/objects/uuid:8af99501-82d2-161c-e040-e00a18064530/datastreams/REFERENCE_THUMBNAIL/content",0,NULL
"0a1dab88-74bb-47ea-bb3f-387bb42189d1","http://repo.nypl.org/fedora/objects/uuid:8af99501-82d3-161c-e040-e00a18064530/datastreams/THUMBNAIL/content",0,NULL
"9179a207-5745-48a3-8a71-64fc54df96a0","http://repo.nypl.org/fedora/objects/uuid:8af99501-82d3-161c-e040-e00a18064530/datastreams/WIDE_THUMBNAIL/content",0,NULL
"e0aac78d-6d8f-485d-85de-0032c654ece2","http://repo.nypl.org/fedora/objects/uuid:8af99501-82d3-161c-e040-e00a18064530/datastreams/REFERENCE_THUMBNAIL/content",0,NULL
"ff2b90b7-e516-4ca5-a938-6774f16e5447","http://repo.nypl.org/fedora/objects/uuid:8af99501-82d4-161c-e040-e00a18064530/datastreams/WIDE_THUMBNAIL/content",0,NULL
"e8f9ee13-4715-4cfd-8e7d-ec5bead8523e","http://repo.nypl.org/fedora/objects/uuid:8af99501-82d4-161c-e040-e00a18064530/datastreams/THUMBNAIL/content",0,NULL
"be22f112-0973-4b0f-a124-4e1880308b68","http://repo.nypl.org/fedora/objects/uuid:8af99501-82d4-161c-e040-e00a18064530/datastreams/REFERENCE_THUMBNAIL/content",0,NULL
"4e6bcc1d-c489-41d9-b3e5-5fbcaaa0d4ba","http://repo.nypl.org/fedora/objects/uuid:8af99501-82d5-161c-e040-e00a18064530/datastreams/THUMBNAIL/content",0,NULL
"77910679-69b8-47ba-aab3-f8290a1ec472","http://repo.nypl.org/fedora/objects/uuid:8af99501-82d5-161c-e040-e00a18064530/datastreams/WIDE_THUMBNAIL/content",0,NULL
"da4d8c63-a6a2-4472-aaa7-ec644c1e0eb1","http://repo.nypl.org/fedora/objects/uuid:8af99501-82d5-161c-e040-e00a18064530/datastreams/REFERENCE_THUMBNAIL/content",0,NULL
"66ef5338-cb89-409d-9692-6ad4413abe49","http://repo.nypl.org/fedora/objects/uuid:8af99501-82d6-161c-e040-e00a18064530/datastreams/THUMBNAIL/content",0,NULL
"2a6cf8d7-f121-40a8-9821-7c4f669a04c0","http://repo.nypl.org/fedora/objects/uuid:8af99501-82d6-161c-e040-e00a18064530/datastreams/WIDE_THUMBNAIL/content",0,NULL
"a51f9e30-d779-4d2d-8242-4c3925bddc3a","http://repo.nypl.org/fedora/objects/uuid:8af99501-82d6-161c-e040-e00a18064530/datastreams/REFERENCE_THUMBNAIL/content",0,NULL
"973f0d80-12d7-45a8-bfd8-20a5043a68ed","http://repo.nypl.org/fedora/objects/uuid:8af99501-82d7-161c-e040-e00a18064530/datastreams/WIDE_THUMBNAIL/content",0,NULL
