"uuid","url","redirect","username"
"31c0373a-b13f-4a25-8c56-65493897c434","https://iiif.nypl.org/index.php?id=uuid:0c29bef0-c86b-0139-f085-0242ac110002",0,"fedora_ingest_rails"
"2cdad401-6d82-4a16-8801-ebb1aa603d43","https://iiif.nypl.org/index.php?id=uuid:0c3974d0-c86b-0139-2176-0242ac110002",0,"fedora_ingest_rails"
"01c5c5fd-512d-4c63-a622-0a2634d00118","https://iiif.nypl.org/index.php?id=uuid:0c498b40-c86b-0139-790f-0242ac110002",0,"fedora_ingest_rails"
"001523cb-ef87-4301-890c-ad41ec392baa","https://iiif.nypl.org/index.php?id=uuid:0c58f9b0-c86b-0139-06ed-0242ac110002",0,"fedora_ingest_rails"
"d3468afb-42f8-415e-8fb6-c6970e5d04cb","https://iiif.nypl.org/index.php?id=uuid:0fbcbdd0-c86c-0139-026a-0242ac110003",0,"fedora_ingest_rails"
"59f1aaf8-e1fd-449c-8edd-b8991b7313d0","https://iiif.nypl.org/index.php?id=uuid:0fccc720-c86c-0139-404c-0242ac110003",0,"fedora_ingest_rails"
"c91e1bc9-427f-4a80-956c-d5d9915d9b64","https://iiif.nypl.org/index.php?id=uuid:1cf2f530-c86b-0139-877e-0242ac110004",0,"fedora_ingest_rails"
"58f34ae1-b2d5-4c5e-b8c3-64bd785f8af4","https://iiif.nypl.org/index.php?id=uuid:1d027bb0-c86b-0139-d3ef-0242ac110004",0,"fedora_ingest_rails"
"99610c08-7bfb-474e-b325-af6e1098bc09","https://iiif.nypl.org/index.php?id=uuid:1d11f240-c86b-0139-bbad-0242ac110004",0,"fedora_ingest_rails"
"32373e68-8906-45d4-9314-daa0c60f72d5","https://iiif.nypl.org/index.php?id=uuid:1d216c60-c86b-0139-f7e1-0242ac110004",0,"fedora_ingest_rails"
"4f7b9553-9005-4676-b72f-47c29cdd7988","https://iiif.nypl.org/index.php?id=uuid:1d311380-c86b-0139-fa2f-0242ac110004",0,"fedora_ingest_rails"
"1a352c2d-ac7d-4353-b20c-2e1577e75246","https://iiif.nypl.org/index.php?id=uuid:1d40a0b0-c86b-0139-181f-0242ac110004",0,"fedora_ingest_rails"
"66cc79af-23c7-4616-96fa-cf21379eb717","https://iiif.nypl.org/index.php?id=uuid:1d501800-c86b-0139-6fe3-0242ac110004",0,"fedora_ingest_rails"
"982809a6-5259-45cd-ac78-71506d6a7e98","https://iiif.nypl.org/index.php?id=uuid:1d5f7e10-c86b-0139-be32-0242ac110004",0,"fedora_ingest_rails"
"2a955e65-3ae5-4d09-8db1-634b0dae03d0","https://iiif.nypl.org/index.php?id=uuid:210507b0-c86c-0139-d21d-0242ac110002",0,"fedora_ingest_rails"
"cafa6e17-bd4d-422f-a4e3-c6dfb28ecf52","https://iiif.nypl.org/index.php?id=uuid:2114b2d0-c86c-0139-7bcc-0242ac110002",0,"fedora_ingest_rails"
"562951cc-9e9c-4afd-88f5-780f6f175d5a","https://iiif.nypl.org/index.php?id=uuid:212487e0-c86c-0139-21ac-0242ac110002",0,"fedora_ingest_rails"
"dd119d2e-87ce-4157-964a-d5c1f96651f5","https://iiif.nypl.org/index.php?id=uuid:21343540-c86c-0139-6bfa-0242ac110002",0,"fedora_ingest_rails"
"258b9a54-5849-406c-a9e8-6d23f1ff3b4e","https://iiif.nypl.org/index.php?id=uuid:510d47d9-7ad6-a3d9-e040-e00a18064a99",0,"fedora_ingest_rails"
"143bc59b-0de2-4f25-a31b-e790a44fc12b","https://iiif.nypl.org/index.php?id=uuid:3d0fa7f0-050f-013a-78bf-0242ac110003",0,"fedora_ingest_rails"
"5653e729-ee32-4b65-a002-2318d74faa00","https://iiif.nypl.org/index.php?id=uuid:4b470980-c868-0139-5bc3-0242ac110002",0,"fedora_ingest_rails"
"97390fe9-0513-4361-8343-5a52da9fe610","https://iiif.nypl.org/index.php?id=uuid:4b588d90-c868-0139-f40a-0242ac110002",0,"fedora_ingest_rails"
"bd5e8dcc-5f1e-11dd-9b08-eef79956cd08","https://iiif.nypl.org/index.php?id=uuid:510d47d9-7a7d-a3d9-e040-e00a18064a99",0,"fedora_ingest_rails"
"536d0b60-5d83-11dd-bc36-d8f49956cd08","https://iiif.nypl.org/index.php?id=uuid:510d47d9-7a7e-a3d9-e040-e00a18064a99",0,"fedora_ingest_rails"
"b8b6695c-5e60-11dd-bd02-61328779b126","https://iiif.nypl.org/index.php?id=uuid:510d47d9-7a7f-a3d9-e040-e00a18064a99",0,"fedora_ingest_rails"
"b76f3e34-5f1e-11dd-8528-f0f79956cd08","https://iiif.nypl.org/index.php?id=uuid:510d47d9-7a80-a3d9-e040-e00a18064a99",0,"fedora_ingest_rails"
"30ba059a-5e60-11dd-8497-08eb9956cd08","https://iiif.nypl.org/index.php?id=uuid:510d47d9-7a82-a3d9-e040-e00a18064a99",0,"fedora_ingest_rails"
"5420ac1a-5d83-11dd-ba88-cef49956cd08","https://iiif.nypl.org/index.php?id=uuid:510d47d9-7a83-a3d9-e040-e00a18064a99",0,"fedora_ingest_rails"
"d76c1398-5e7d-11dd-a15a-86278779b126","https://iiif.nypl.org/index.php?id=uuid:510d47d9-7a84-a3d9-e040-e00a18064a99",0,"fedora_ingest_rails"
"553e1484-5d83-11dd-802e-edf49956cd08","https://iiif.nypl.org/index.php?id=uuid:510d47d9-7a85-a3d9-e040-e00a18064a99",0,"fedora_ingest_rails"
"5bec403a-5d83-11dd-9831-d3f49956cd08","https://iiif.nypl.org/index.php?id=uuid:510d47d9-7a87-a3d9-e040-e00a18064a99",0,"fedora_ingest_rails"
"5b7671e8-5d83-11dd-aa64-d8f49956cd08","https://iiif.nypl.org/index.php?id=uuid:510d47d9-7a86-a3d9-e040-e00a18064a99",0,"fedora_ingest_rails"
"f165d7fc-5d83-11dd-a8f6-3c0e8779b126","https://iiif.nypl.org/index.php?id=uuid:510d47d9-7a88-a3d9-e040-e00a18064a99",0,"fedora_ingest_rails"
"c0696122-5e60-11dd-a8d6-64328779b126","https://iiif.nypl.org/index.php?id=uuid:510d47d9-7a89-a3d9-e040-e00a18064a99",0,"fedora_ingest_rails"
"5d0cfffe-5d83-11dd-9c71-edf49956cd08","https://iiif.nypl.org/index.php?id=uuid:510d47d9-7a8a-a3d9-e040-e00a18064a99",0,"fedora_ingest_rails"
"5e371f04-5d83-11dd-bb0f-f0f49956cd08","https://iiif.nypl.org/index.php?id=uuid:510d47d9-7a8b-a3d9-e040-e00a18064a99",0,"fedora_ingest_rails"
"ed7b19f4-5d83-11dd-a8f5-3e0e8779b126","https://iiif.nypl.org/index.php?id=uuid:510d47d9-7a8c-a3d9-e040-e00a18064a99",0,"fedora_ingest_rails"
"34636074-5e60-11dd-8f0f-0beb9956cd08","https://iiif.nypl.org/index.php?id=uuid:510d47d9-7a8d-a3d9-e040-e00a18064a99",0,"fedora_ingest_rails"
"f28bb606-5d83-11dd-9f28-3a0e8779b126","https://iiif.nypl.org/index.php?id=uuid:510d47d9-7a8e-a3d9-e040-e00a18064a99",0,"fedora_ingest_rails"
"6119f2e6-5d83-11dd-b333-cef49956cd08","https://iiif.nypl.org/index.php?id=uuid:510d47d9-7a8f-a3d9-e040-e00a18064a99",0,"fedora_ingest_rails"
"60dd12cc-5d83-11dd-b9b0-d3f49956cd08","https://iiif.nypl.org/index.php?id=uuid:510d47d9-7a91-a3d9-e040-e00a18064a99",0,"fedora_ingest_rails"
"6515f49e-5d83-11dd-b310-f0f49956cd08","https://iiif.nypl.org/index.php?id=uuid:510d47d9-7a94-a3d9-e040-e00a18064a99",0,"fedora_ingest_rails"
"3a25c826-5e60-11dd-919a-12eb9956cd08","https://iiif.nypl.org/index.php?id=uuid:510d47d9-7a96-a3d9-e040-e00a18064a99",0,"fedora_ingest_rails"
"b3deb62e-5d97-11dd-95f1-05f89956cd08","https://iiif.nypl.org/index.php?id=uuid:510d47d9-7a98-a3d9-e040-e00a18064a99",0,"fedora_ingest_rails"
"c24639ff-07ea-4c92-80ab-7cee41735524","https://iiif.nypl.org/index.php?id=uuid:510d47d9-7a99-a3d9-e040-e00a18064a99",0,"fedora_ingest_rails"
"202a08ce-5e60-11dd-9278-50318779b126","https://iiif.nypl.org/index.php?id=uuid:510d47d9-7a9b-a3d9-e040-e00a18064a99",0,"fedora_ingest_rails"
"949e380c-5e5f-11dd-b722-afe99956cd08","https://iiif.nypl.org/index.php?id=uuid:510d47d9-7a9c-a3d9-e040-e00a18064a99",0,"fedora_ingest_rails"
"3da71294-5d83-11dd-822b-3c0e8779b126","https://iiif.nypl.org/index.php?id=uuid:510d47d9-7a9d-a3d9-e040-e00a18064a99",0,"fedora_ingest_rails"
"496a5d0a-5f56-11dd-999d-746f8779b126","https://iiif.nypl.org/index.php?id=uuid:510d47d9-7a9e-a3d9-e040-e00a18064a99",0,"fedora_ingest_rails"
"571a2d68-6064-11dd-b773-71f48679b126","https://iiif.nypl.org/index.php?id=uuid:510d47d9-7a9f-a3d9-e040-e00a18064a99",0,"fedora_ingest_rails"
"93517338-5e5f-11dd-a32d-b2e99956cd08","https://iiif.nypl.org/index.php?id=uuid:510d47d9-7aa1-a3d9-e040-e00a18064a99",0,"fedora_ingest_rails"
"280c7acc-5e60-11dd-9b40-5e318779b126","https://iiif.nypl.org/index.php?id=uuid:510d47d9-7aa1-a3d9-e040-e00a18064a99",0,"fedora_ingest_rails"
"bcbe9114-5f55-11dd-8de2-a0b99956cd08","https://iiif.nypl.org/index.php?id=uuid:510d47d9-7aa2-a3d9-e040-e00a18064a99",0,"fedora_ingest_rails"
"1ff4bd18-5e60-11dd-8a79-55318779b126","https://iiif.nypl.org/index.php?id=uuid:510d47d9-7aa3-a3d9-e040-e00a18064a99",0,"fedora_ingest_rails"
"b61ab99c-5d97-11dd-83fa-02f89956cd08","https://iiif.nypl.org/index.php?id=uuid:510d47d9-7aa6-a3d9-e040-e00a18064a99",0,"fedora_ingest_rails"
"b8e056d2-5d97-11dd-a647-f6f79956cd08","https://iiif.nypl.org/index.php?id=uuid:510d47d9-7aa7-a3d9-e040-e00a18064a99",0,"fedora_ingest_rails"
"b90cd6bc-5d97-11dd-8ef5-0df89956cd08","https://iiif.nypl.org/index.php?id=uuid:510d47d9-7aa8-a3d9-e040-e00a18064a99",0,"fedora_ingest_rails"
"ba095766-5d97-11dd-8644-05f89956cd08","https://iiif.nypl.org/index.php?id=uuid:510d47d9-7aa9-a3d9-e040-e00a18064a99",0,"fedora_ingest_rails"
"59139a56-5d98-11dd-a182-19288779b126","https://iiif.nypl.org/index.php?id=uuid:510d47d9-7aaa-a3d9-e040-e00a18064a99",0,"fedora_ingest_rails"
"5d68b1d6-6225-11dd-a10b-96f09956cd08","https://iiif.nypl.org/index.php?id=uuid:510d47d9-7aab-a3d9-e040-e00a18064a99",0,"fedora_ingest_rails"
"bba83d30-5d97-11dd-8525-5ef79956cd08","https://iiif.nypl.org/index.php?id=uuid:510d47d9-7aac-a3d9-e040-e00a18064a99",0,"fedora_ingest_rails"
"bb7af136-5d97-11dd-992e-02f89956cd08","https://iiif.nypl.org/index.php?id=uuid:510d47d9-7aad-a3d9-e040-e00a18064a99",0,"fedora_ingest_rails"
"58dfd9be-5d98-11dd-bb19-1b298779b126","https://iiif.nypl.org/index.php?id=uuid:510d47d9-7aae-a3d9-e040-e00a18064a99",0,"fedora_ingest_rails"
"d4be669a-622f-11dd-bc33-e76d8779b126","https://iiif.nypl.org/index.php?id=uuid:510d47d9-7aaf-a3d9-e040-e00a18064a99",0,"fedora_ingest_rails"
"243bdd70-5e60-11dd-9ab4-58318779b126","https://iiif.nypl.org/index.php?id=uuid:510d47d9-7ab0-a3d9-e040-e00a18064a99",0,"fedora_ingest_rails"
"2be045ec-5f1f-11dd-b330-e0568779b126","https://iiif.nypl.org/index.php?id=uuid:510d47d9-7ab1-a3d9-e040-e00a18064a99",0,"fedora_ingest_rails"
"9f5807fe-5f1e-11dd-9c56-b1f79956cd08","https://iiif.nypl.org/index.php?id=uuid:510d47d9-7ab1-a3d9-e040-e00a18064a99",0,"fedora_ingest_rails"
"46336f60-622f-11dd-8404-dc0f9a56cd08","https://iiif.nypl.org/index.php?id=uuid:510d47d9-7ab2-a3d9-e040-e00a18064a99",0,"fedora_ingest_rails"
"bf30f51e-5d97-11dd-80a3-05f89956cd08","https://iiif.nypl.org/index.php?id=uuid:510d47d9-7ab5-a3d9-e040-e00a18064a99",0,"fedora_ingest_rails"
"a10985c8-5f1e-11dd-835c-b4f79956cd08","https://iiif.nypl.org/index.php?id=uuid:510d47d9-7ab6-a3d9-e040-e00a18064a99",0,"fedora_ingest_rails"
"9645b45a-5e5f-11dd-9370-b6e99956cd08","https://iiif.nypl.org/index.php?id=uuid:510d47d9-7ab7-a3d9-e040-e00a18064a99",0,"fedora_ingest_rails"
"c31e5f9a-5d97-11dd-9301-02f89956cd08","https://iiif.nypl.org/index.php?id=uuid:510d47d9-7ab8-a3d9-e040-e00a18064a99",0,"fedora_ingest_rails"
"2ccd52ba-5f1f-11dd-a514-e3568779b126","https://iiif.nypl.org/index.php?id=uuid:510d47d9-7ab9-a3d9-e040-e00a18064a99",0,"fedora_ingest_rails"
"edacfdc0-5ac2-11dd-9555-4fc29956cd08","https://iiif.nypl.org/index.php?id=uuid:510d47d9-7abb-a3d9-e040-e00a18064a99",0,"fedora_ingest_rails"
"c532d25c-5d97-11dd-8e90-0df89956cd08","https://iiif.nypl.org/index.php?id=uuid:510d47d9-7abf-a3d9-e040-e00a18064a99",0,"fedora_ingest_rails"
"970da94a-c637-40f9-a2d5-2850c8bda89c","https://iiif.nypl.org/index.php?id=uuid:510d47d9-7abc-a3d9-e040-e00a18064a99",0,"fedora_ingest_rails"
"b47233b0-5f20-11dd-913c-54fe9956cd08","https://iiif.nypl.org/index.php?id=uuid:510d47d9-7ac0-a3d9-e040-e00a18064a99",0,"fedora_ingest_rails"
"58e382c6-5d98-11dd-ac62-fa288779b126","https://iiif.nypl.org/index.php?id=uuid:510d47d9-7ac1-a3d9-e040-e00a18064a99",0,"fedora_ingest_rails"
"65716862-5e8a-11dd-9aa7-86ce9956cd08","https://iiif.nypl.org/index.php?id=uuid:510d47d9-7ac2-a3d9-e040-e00a18064a99",0,"fedora_ingest_rails"
"42fed6e5-327c-4b45-a17e-940ea1e3961f","https://iiif.nypl.org/index.php?id=uuid:510d47d9-7ac3-a3d9-e040-e00a18064a99",0,"fedora_ingest_rails"
"9dbefd68-5e5f-11dd-aeb2-bfe99956cd08","https://iiif.nypl.org/index.php?id=uuid:510d47d9-7ac5-a3d9-e040-e00a18064a99",0,"fedora_ingest_rails"
"c556bc4e-5d97-11dd-b38a-05f89956cd08","https://iiif.nypl.org/index.php?id=uuid:510d47d9-7ac4-a3d9-e040-e00a18064a99",0,"fedora_ingest_rails"
"cb363108-5d97-11dd-a964-5ef79956cd08","https://iiif.nypl.org/index.php?id=uuid:510d47d9-7ac8-a3d9-e040-e00a18064a99",0,"fedora_ingest_rails"
"cbd99b18-5d97-11dd-b12d-05f89956cd08","https://iiif.nypl.org/index.php?id=uuid:510d47d9-7acb-a3d9-e040-e00a18064a99",0,"fedora_ingest_rails"
"9de9276e-5e5f-11dd-a38e-c2e99956cd08","https://iiif.nypl.org/index.php?id=uuid:510d47d9-7ace-a3d9-e040-e00a18064a99",0,"fedora_ingest_rails"
"cdd90458-5d97-11dd-9b28-02f89956cd08","https://iiif.nypl.org/index.php?id=uuid:510d47d9-7acc-a3d9-e040-e00a18064a99",0,"fedora_ingest_rails"
"f2c03470-5d98-11dd-a5fb-19288779b126","https://iiif.nypl.org/index.php?id=uuid:510d47d9-7ad1-a3d9-e040-e00a18064a99",0,"fedora_ingest_rails"
"5afa281c-5d98-11dd-8976-5ef79956cd08","https://iiif.nypl.org/index.php?id=uuid:510d47d9-7ad0-a3d9-e040-e00a18064a99",0,"fedora_ingest_rails"
"5d455420-5d98-11dd-8097-05f89956cd08","https://iiif.nypl.org/index.php?id=uuid:510d47d9-7ad3-a3d9-e040-e00a18064a99",0,"fedora_ingest_rails"
"a887885a-5e5f-11dd-acfe-dce99956cd08","https://iiif.nypl.org/index.php?id=uuid:510d47d9-7ad2-a3d9-e040-e00a18064a99",0,"fedora_ingest_rails"
"ad332b66-5e5f-11dd-b4b6-dfe99956cd08","https://iiif.nypl.org/index.php?id=uuid:510d47d9-7ad4-a3d9-e040-e00a18064a99",0,"fedora_ingest_rails"
"5d8e65b6-5d98-11dd-adb0-02f89956cd08","https://iiif.nypl.org/index.php?id=uuid:510d47d9-7ad7-a3d9-e040-e00a18064a99",0,"fedora_ingest_rails"
"cd92849f-24e6-4b00-923b-885e3f496269","https://iiif-prod.nypl.org/index.php?id=54182&t=u",0,"fedora_ingest_rails"
"fabfa868-5d98-11dd-9e00-1b298779b126","https://iiif.nypl.org/index.php?id=uuid:510d47d9-7ad9-a3d9-e040-e00a18064a99",0,"fedora_ingest_rails"
"f08feca2-5e8a-11dd-b438-ff608779b126","https://iiif.nypl.org/index.php?id=uuid:510d47d9-7ad8-a3d9-e040-e00a18064a99",0,"fedora_ingest_rails"
"5fbaceec-5d98-11dd-922a-f6f79956cd08","https://iiif.nypl.org/index.php?id=uuid:510d47d9-7adb-a3d9-e040-e00a18064a99",0,"fedora_ingest_rails"
"b95f894a-0fa2-4fc8-bb21-a6396bb57c95","https://iiif.nypl.org/index.php?id=uuid:e3a060a0-fb3c-0133-2598-00505686a51c",0,"fedora_ingest_rails"
"5fcb7ecc-5d98-11dd-8fb0-5ef79956cd08","https://iiif.nypl.org/index.php?id=uuid:510d47d9-7adc-a3d9-e040-e00a18064a99",0,"fedora_ingest_rails"
"368d7786-5e60-11dd-aa33-80318779b126","https://iiif.nypl.org/index.php?id=uuid:510d47d9-7ade-a3d9-e040-e00a18064a99",0,"fedora_ingest_rails"
"5665daa0-7c35-497d-aea5-1a81bef19ff9","https://iiif.nypl.org/index.php?id=uuid:e3b7db90-fb3c-0133-6565-00505686a51c",0,"fedora_ingest_rails"
"374d6aa0-5e60-11dd-adcd-83318779b126","https://iiif.nypl.org/index.php?id=uuid:510d47d9-7adf-a3d9-e040-e00a18064a99",0,"fedora_ingest_rails"
"65342918-5d98-11dd-9423-05f89956cd08","https://iiif.nypl.org/index.php?id=uuid:510d47d9-7ae0-a3d9-e040-e00a18064a99",0,"fedora_ingest_rails"
"6758f994-5d98-11dd-8f87-02f89956cd08","https://iiif.nypl.org/index.php?id=uuid:510d47d9-7ae2-a3d9-e040-e00a18064a99",0,"fedora_ingest_rails"
"3c67dcaa-5e60-11dd-9b79-86318779b126","https://iiif.nypl.org/index.php?id=uuid:510d47d9-7ae1-a3d9-e040-e00a18064a99",0,"fedora_ingest_rails"
"6758c956-5d98-11dd-8624-0df89956cd08","https://iiif.nypl.org/index.php?id=uuid:510d47d9-7ae2-a3d9-e040-e00a18064a99",0,"fedora_ingest_rails"
"d3c417ad-80c0-4f3e-b102-fbae295562ae","https://iiif.nypl.org/index.php?id=uuid:e3cdf560-fb3c-0133-3e66-00505686a51c",0,"fedora_ingest_rails"
"67c81a0e-5d98-11dd-92ec-f6f79956cd08","https://iiif.nypl.org/index.php?id=uuid:510d47d9-7ae4-a3d9-e040-e00a18064a99",0,"fedora_ingest_rails"
"042cba58-5d99-11dd-b87d-fa288779b126","https://iiif.nypl.org/index.php?id=uuid:510d47d9-7ae3-a3d9-e040-e00a18064a99",0,"fedora_ingest_rails"
"67fb7836-5d98-11dd-b0f1-5ef79956cd08","https://iiif.nypl.org/index.php?id=uuid:510d47d9-7ae5-a3d9-e040-e00a18064a99",0,"fedora_ingest_rails"
"6a37ef94-5d98-11dd-8f3d-05f89956cd08","https://iiif.nypl.org/index.php?id=uuid:510d47d9-7ae6-a3d9-e040-e00a18064a99",0,"fedora_ingest_rails"
"f13d7fcb-d392-4506-b1c5-1747d4b4d28c","https://iiif.nypl.org/index.php?id=uuid:e3e3b400-fb3c-0133-7098-00505686a51c",0,"fedora_ingest_rails"
"ad564196-5e5f-11dd-aa98-e2e99956cd08","https://iiif.nypl.org/index.php?id=uuid:510d47d9-7ae7-a3d9-e040-e00a18064a99",0,"fedora_ingest_rails"
"45a0ebf0-6099-11dd-8a9f-d7c69956cd08","https://iiif.nypl.org/index.php?id=uuid:510d47d9-7ae8-a3d9-e040-e00a18064a99",0,"fedora_ingest_rails"
"6d56fdbe-5d98-11dd-ae90-0df89956cd08","https://iiif.nypl.org/index.php?id=uuid:510d47d9-7ae9-a3d9-e040-e00a18064a99",0,"fedora_ingest_rails"
"ad55644c-5e5f-11dd-b366-e5e99956cd08","https://iiif.nypl.org/index.php?id=uuid:510d47d9-7aec-a3d9-e040-e00a18064a99",0,"fedora_ingest_rails"
"ad703498-5e5f-11dd-bd06-e8e99956cd08","https://iiif.nypl.org/index.php?id=uuid:510d47d9-7aed-a3d9-e040-e00a18064a99",0,"fedora_ingest_rails"
"66fe06de-468c-408f-9ae5-22fd83640635","https://iiif.nypl.org/index.php?id=uuid:510d47d9-7aee-a3d9-e040-e00a18064a99",0,"fedora_ingest_rails"
"08d26b02-5d99-11dd-bf64-19288779b126","https://iiif.nypl.org/index.php?id=uuid:510d47d9-7af1-a3d9-e040-e00a18064a99",0,"fedora_ingest_rails"
"b5bccd28-5e5f-11dd-894a-efe99956cd08","https://iiif.nypl.org/index.php?id=uuid:510d47d9-7af3-a3d9-e040-e00a18064a99",0,"fedora_ingest_rails"
"3fe369b2-5e60-11dd-bbb4-90318779b126","https://iiif.nypl.org/index.php?id=uuid:510d47d9-7af4-a3d9-e040-e00a18064a99",0,"fedora_ingest_rails"
"4047fe54-5e60-11dd-8ace-93318779b126","https://iiif.nypl.org/index.php?id=uuid:510d47d9-7af7-a3d9-e040-e00a18064a99",0,"fedora_ingest_rails"
"71ee613c-5d98-11dd-968d-02f89956cd08","https://iiif.nypl.org/index.php?id=uuid:510d47d9-7af8-a3d9-e040-e00a18064a99",0,"fedora_ingest_rails"
"76677bf4-5d98-11dd-94d5-5ef79956cd08","https://iiif.nypl.org/index.php?id=uuid:510d47d9-7af9-a3d9-e040-e00a18064a99",0,"fedora_ingest_rails"
"795ef738-5d98-11dd-b98a-f6f79956cd08","https://iiif.nypl.org/index.php?id=uuid:510d47d9-7afb-a3d9-e040-e00a18064a99",0,"fedora_ingest_rails"
"416adf9a-5e60-11dd-a200-96318779b126","https://iiif.nypl.org/index.php?id=uuid:510d47d9-7afa-a3d9-e040-e00a18064a99",0,"fedora_ingest_rails"
"b757d6d2-5e5f-11dd-89c8-f2e99956cd08","https://iiif.nypl.org/index.php?id=uuid:510d47d9-7afc-a3d9-e040-e00a18064a99",0,"fedora_ingest_rails"
"4ab34c18-5e60-11dd-a390-a3318779b126","https://iiif.nypl.org/index.php?id=uuid:510d47d9-7afc-a3d9-e040-e00a18064a99",0,"fedora_ingest_rails"
"41932bc6-5e60-11dd-8759-99318779b126","https://iiif.nypl.org/index.php?id=uuid:510d47d9-7afe-a3d9-e040-e00a18064a99",0,"fedora_ingest_rails"
"7906d40e-5d98-11dd-8550-05f89956cd08","https://iiif.nypl.org/index.php?id=uuid:510d47d9-7afd-a3d9-e040-e00a18064a99",0,"fedora_ingest_rails"
"43d361b2-5e60-11dd-b58f-9c318779b126","https://iiif.nypl.org/index.php?id=uuid:510d47d9-7aff-a3d9-e040-e00a18064a99",0,"fedora_ingest_rails"
"18ed1c2c-649b-11dd-9f40-f04d8779b126","https://iiif.nypl.org/index.php?id=uuid:510d47d9-7b00-a3d9-e040-e00a18064a99",0,"fedora_ingest_rails"
"ba207acc-5e5f-11dd-9a47-f6e99956cd08","https://iiif.nypl.org/index.php?id=uuid:510d47d9-7b01-a3d9-e040-e00a18064a99",0,"fedora_ingest_rails"
"a246e0a4-5d82-11dd-babb-f0f49956cd08","https://iiif.nypl.org/index.php?id=uuid:510d47d9-7b03-a3d9-e040-e00a18064a99",0,"fedora_ingest_rails"
"113685da-5d99-11dd-8c64-1b298779b126","https://iiif.nypl.org/index.php?id=uuid:510d47d9-7b02-a3d9-e040-e00a18064a99",0,"fedora_ingest_rails"
"7929b73a-5d98-11dd-91a8-02f89956cd08","https://iiif.nypl.org/index.php?id=uuid:510d47d9-7b04-a3d9-e040-e00a18064a99",0,"fedora_ingest_rails"
"79323c34-5d98-11dd-b6c5-0df89956cd08","https://iiif.nypl.org/index.php?id=uuid:510d47d9-7b05-a3d9-e040-e00a18064a99",0,"fedora_ingest_rails"
"7a869f26-5d98-11dd-93bc-5ef79956cd08","https://iiif.nypl.org/index.php?id=uuid:510d47d9-7b06-a3d9-e040-e00a18064a99",0,"fedora_ingest_rails"
"7e4388ea-5d98-11dd-a5b5-05f89956cd08","https://iiif.nypl.org/index.php?id=uuid:510d47d9-7b07-a3d9-e040-e00a18064a99",0,"fedora_ingest_rails"
"80e4c05a-5d98-11dd-9850-02f89956cd08","https://iiif.nypl.org/index.php?id=uuid:510d47d9-7b08-a3d9-e040-e00a18064a99",0,"fedora_ingest_rails"
"49df91f2-5e60-11dd-affa-a0318779b126","https://iiif.nypl.org/index.php?id=uuid:510d47d9-7b0b-a3d9-e040-e00a18064a99",0,"fedora_ingest_rails"
"b8a66ae4-5e5f-11dd-9ace-fce99956cd08","https://iiif.nypl.org/index.php?id=uuid:510d47d9-7b0c-a3d9-e040-e00a18064a99",0,"fedora_ingest_rails"
"1b199f38-5d99-11dd-bffc-fa288779b126","https://iiif.nypl.org/index.php?id=uuid:510d47d9-7b0d-a3d9-e040-e00a18064a99",0,"fedora_ingest_rails"
"b9a4f79e-5e5f-11dd-a6c6-ffe99956cd08","https://iiif.nypl.org/index.php?id=uuid:510d47d9-7b0e-a3d9-e040-e00a18064a99",0,"fedora_ingest_rails"
"be20fd68-5e5f-11dd-a7a7-02ea9956cd08","https://iiif.nypl.org/index.php?id=uuid:510d47d9-7b0f-a3d9-e040-e00a18064a99",0,"fedora_ingest_rails"
"80108e3e-5d98-11dd-a338-f6f79956cd08","https://iiif.nypl.org/index.php?id=uuid:510d47d9-7b11-a3d9-e040-e00a18064a99",0,"fedora_ingest_rails"
"be38da32-5e5f-11dd-b339-05ea9956cd08","https://iiif.nypl.org/index.php?id=uuid:510d47d9-7b10-a3d9-e040-e00a18064a99",0,"fedora_ingest_rails"
"80785028-5d98-11dd-bca3-5ef79956cd08","https://iiif.nypl.org/index.php?id=uuid:510d47d9-7b13-a3d9-e040-e00a18064a99",0,"fedora_ingest_rails"
"e45be704-5d83-11dd-b901-d3f49956cd08","https://iiif.nypl.org/index.php?id=uuid:510d47d9-7b12-a3d9-e040-e00a18064a99",0,"fedora_ingest_rails"
"822f7342-5d98-11dd-9039-05f89956cd08","https://iiif.nypl.org/index.php?id=uuid:510d47d9-7b16-a3d9-e040-e00a18064a99",0,"fedora_ingest_rails"
"5157e97a-5e60-11dd-9941-a9318779b126","https://iiif.nypl.org/index.php?id=uuid:510d47d9-7b17-a3d9-e040-e00a18064a99",0,"fedora_ingest_rails"
"a38ff5f4-5d82-11dd-bcbb-edf49956cd08","https://iiif.nypl.org/index.php?id=uuid:510d47d9-7b19-a3d9-e040-e00a18064a99",0,"fedora_ingest_rails"
"c3d7d72c-5e5f-11dd-ba97-0eea9956cd08","https://iiif.nypl.org/index.php?id=uuid:510d47d9-7b18-a3d9-e040-e00a18064a99",0,"fedora_ingest_rails"
"881810a2-5d98-11dd-aea9-f6f79956cd08","https://iiif.nypl.org/index.php?id=uuid:510d47d9-7b1a-a3d9-e040-e00a18064a99",0,"fedora_ingest_rails"
"c30e2b48-5e5f-11dd-9d38-11ea9956cd08","https://iiif.nypl.org/index.php?id=uuid:510d47d9-7b1b-a3d9-e040-e00a18064a99",0,"fedora_ingest_rails"
"88ec4dc2-5d98-11dd-a566-5ef79956cd08","https://iiif.nypl.org/index.php?id=uuid:510d47d9-7b1f-a3d9-e040-e00a18064a99",0,"fedora_ingest_rails"
"898104bc-5d98-11dd-afbb-02f89956cd08","https://iiif.nypl.org/index.php?id=uuid:510d47d9-7b20-a3d9-e040-e00a18064a99",0,"fedora_ingest_rails"
"8962dab4-5d98-11dd-8bde-0df89956cd08","https://iiif.nypl.org/index.php?id=uuid:510d47d9-7b21-a3d9-e040-e00a18064a99",0,"fedora_ingest_rails"
"c753cd48-5e5f-11dd-be60-18ea9956cd08","https://iiif.nypl.org/index.php?id=uuid:510d47d9-7b22-a3d9-e040-e00a18064a99",0,"fedora_ingest_rails"
"5372d7e2-5e60-11dd-aa82-ad318779b126","https://iiif.nypl.org/index.php?id=uuid:510d47d9-7b23-a3d9-e040-e00a18064a99",0,"fedora_ingest_rails"
"8a8f6150-5d98-11dd-828b-05f89956cd08","https://iiif.nypl.org/index.php?id=uuid:510d47d9-7b24-a3d9-e040-e00a18064a99",0,"fedora_ingest_rails"
"8b950686-5d98-11dd-9402-f6f79956cd08","https://iiif.nypl.org/index.php?id=uuid:510d47d9-7b25-a3d9-e040-e00a18064a99",0,"fedora_ingest_rails"
"90240b16-5d98-11dd-9dc4-5ef79956cd08","https://iiif.nypl.org/index.php?id=uuid:510d47d9-7b26-a3d9-e040-e00a18064a99",0,"fedora_ingest_rails"
"2a3a8888-5d99-11dd-9ef4-1b298779b126","https://iiif.nypl.org/index.php?id=uuid:510d47d9-7b27-a3d9-e040-e00a18064a99",0,"fedora_ingest_rails"
"51fe08c8-5e60-11dd-a0da-af318779b126","https://iiif.nypl.org/index.php?id=uuid:510d47d9-7b28-a3d9-e040-e00a18064a99",0,"fedora_ingest_rails"
"c82eba8e-5e5f-11dd-b6a0-1bea9956cd08","https://iiif.nypl.org/index.php?id=uuid:510d47d9-7b29-a3d9-e040-e00a18064a99",0,"fedora_ingest_rails"
"4cb60ed8-622f-11dd-b185-eb0f9a56cd08","https://iiif.nypl.org/index.php?id=uuid:510d47d9-7b2a-a3d9-e040-e00a18064a99",0,"fedora_ingest_rails"
"910e9924-5d98-11dd-a4a9-02f89956cd08","https://iiif.nypl.org/index.php?id=uuid:510d47d9-7b2c-a3d9-e040-e00a18064a99",0,"fedora_ingest_rails"
"90fde0d4-5d98-11dd-af5d-0df89956cd08","https://iiif.nypl.org/index.php?id=uuid:510d47d9-7b2b-a3d9-e040-e00a18064a99",0,"fedora_ingest_rails"
"918384d2-5d98-11dd-ac83-05f89956cd08","https://iiif.nypl.org/index.php?id=uuid:510d47d9-7b2d-a3d9-e040-e00a18064a99",0,"fedora_ingest_rails"
"92061e2e-5d98-11dd-8f61-f6f79956cd08","https://iiif.nypl.org/index.php?id=uuid:510d47d9-7b2e-a3d9-e040-e00a18064a99",0,"fedora_ingest_rails"
"c8d8d618-5e5f-11dd-a7d7-1eea9956cd08","https://iiif.nypl.org/index.php?id=uuid:510d47d9-7b30-a3d9-e040-e00a18064a99",0,"fedora_ingest_rails"
"9514f18a-5d98-11dd-bb90-5ef79956cd08","https://iiif.nypl.org/index.php?id=uuid:510d47d9-7b31-a3d9-e040-e00a18064a99",0,"fedora_ingest_rails"
"99fc621e-5d98-11dd-8294-02f89956cd08","https://iiif.nypl.org/index.php?id=uuid:510d47d9-7b34-a3d9-e040-e00a18064a99",0,"fedora_ingest_rails"
"95d9c424-5d98-11dd-ae1d-0df89956cd08","https://iiif.nypl.org/index.php?id=uuid:510d47d9-7b35-a3d9-e040-e00a18064a99",0,"fedora_ingest_rails"
"9521d4d6-5d98-11dd-aa3e-05f89956cd08","https://iiif.nypl.org/index.php?id=uuid:510d47d9-7b36-a3d9-e040-e00a18064a99",0,"fedora_ingest_rails"
"962a7f36-5d98-11dd-bdbe-f6f79956cd08","https://iiif.nypl.org/index.php?id=uuid:510d47d9-7b37-a3d9-e040-e00a18064a99",0,"fedora_ingest_rails"
"6586e9d0-5e8a-11dd-b8c8-89ce9956cd08","https://iiif.nypl.org/index.php?id=uuid:510d47d9-7b38-a3d9-e040-e00a18064a99",0,"fedora_ingest_rails"
"464e8f20-622f-11dd-a771-df0f9a56cd08","https://iiif.nypl.org/index.php?id=uuid:510d47d9-7b39-a3d9-e040-e00a18064a99",0,"fedora_ingest_rails"
"9d20582e-5d98-11dd-8430-5ef79956cd08","https://iiif.nypl.org/index.php?id=uuid:510d47d9-7b3b-a3d9-e040-e00a18064a99",0,"fedora_ingest_rails"
"9ce90086-5d98-11dd-8694-05f89956cd08","https://iiif.nypl.org/index.php?id=uuid:510d47d9-7b3a-a3d9-e040-e00a18064a99",0,"fedora_ingest_rails"
"56eca682-5e60-11dd-b091-b5318779b126","https://iiif.nypl.org/index.php?id=uuid:510d47d9-7b3c-a3d9-e040-e00a18064a99",0,"fedora_ingest_rails"
"9d4d4622-5d98-11dd-a364-0df89956cd08","https://iiif.nypl.org/index.php?id=uuid:510d47d9-7b3d-a3d9-e040-e00a18064a99",0,"fedora_ingest_rails"
"a3967a6e-5d82-11dd-9e4f-d8f49956cd08","https://iiif.nypl.org/index.php?id=uuid:510d47d9-7b3e-a3d9-e040-e00a18064a99",0,"fedora_ingest_rails"
"56129dd4-5e60-11dd-9927-b8318779b126","https://iiif.nypl.org/index.php?id=uuid:510d47d9-7b40-a3d9-e040-e00a18064a99",0,"fedora_ingest_rails"
"d3ea733a-622f-11dd-8436-e16d8779b126","https://iiif.nypl.org/index.php?id=uuid:510d47d9-7b41-a3d9-e040-e00a18064a99",0,"fedora_ingest_rails"
"5f26f0d2-5e60-11dd-9b14-bb318779b126","https://iiif.nypl.org/index.php?id=uuid:510d47d9-7b42-a3d9-e040-e00a18064a99",0,"fedora_ingest_rails"
"d4f6bb68-5dc4-11dd-8bd1-14508779b126","https://iiif.nypl.org/index.php?id=uuid:510d47d9-7b44-a3d9-e040-e00a18064a99",0,"fedora_ingest_rails"
"ccddca48-5e5f-11dd-a21e-24ea9956cd08","https://iiif.nypl.org/index.php?id=uuid:510d47d9-7b45-a3d9-e040-e00a18064a99",0,"fedora_ingest_rails"
"9cd67024-5d98-11dd-86cf-f6f79956cd08","https://iiif.nypl.org/index.php?id=uuid:510d47d9-7b46-a3d9-e040-e00a18064a99",0,"fedora_ingest_rails"
"9eb05d2e-5d98-11dd-8ae3-02f89956cd08","https://iiif.nypl.org/index.php?id=uuid:510d47d9-7b48-a3d9-e040-e00a18064a99",0,"fedora_ingest_rails"
"31950f18-5d99-11dd-b40f-19288779b126","https://iiif.nypl.org/index.php?id=uuid:510d47d9-7b47-a3d9-e040-e00a18064a99",0,"fedora_ingest_rails"
"a1595904-5d98-11dd-8ceb-f6f79956cd08","https://iiif.nypl.org/index.php?id=uuid:510d47d9-7b49-a3d9-e040-e00a18064a99",0,"fedora_ingest_rails"
"a31ffa54-5d98-11dd-9059-05f89956cd08","https://iiif.nypl.org/index.php?id=uuid:510d47d9-7b4a-a3d9-e040-e00a18064a99",0,"fedora_ingest_rails"
"a3a200da-5d98-11dd-8cd9-0df89956cd08","https://iiif.nypl.org/index.php?id=uuid:510d47d9-7b4b-a3d9-e040-e00a18064a99",0,"fedora_ingest_rails"
"a3d36706-5d98-11dd-b9da-5ef79956cd08","https://iiif.nypl.org/index.php?id=uuid:510d47d9-7b4c-a3d9-e040-e00a18064a99",0,"fedora_ingest_rails"
"a3cb3c48-5d98-11dd-804d-02f89956cd08","https://iiif.nypl.org/index.php?id=uuid:510d47d9-7b4d-a3d9-e040-e00a18064a99",0,"fedora_ingest_rails"
"3a62e8cc-5d99-11dd-8836-1b298779b126","https://iiif.nypl.org/index.php?id=uuid:510d47d9-7b4e-a3d9-e040-e00a18064a99",0,"fedora_ingest_rails"
"e8c6be9a-6224-11dd-81d4-6f488779b126","https://iiif.nypl.org/index.php?id=uuid:510d47d9-7b4f-a3d9-e040-e00a18064a99",0,"fedora_ingest_rails"
"ac28e458-5d98-11dd-8867-05f89956cd08","https://iiif.nypl.org/index.php?id=uuid:510d47d9-7b51-a3d9-e040-e00a18064a99",0,"fedora_ingest_rails"
"a60377f0-5d98-11dd-a870-f6f79956cd08","https://iiif.nypl.org/index.php?id=uuid:510d47d9-7b50-a3d9-e040-e00a18064a99",0,"fedora_ingest_rails"
"ab8acca0-5d98-11dd-9f98-5ef79956cd08","https://iiif.nypl.org/index.php?id=uuid:510d47d9-7b52-a3d9-e040-e00a18064a99",0,"fedora_ingest_rails"
"303fb5e6-5f1f-11dd-a6c8-f5568779b126","https://iiif.nypl.org/index.php?id=uuid:510d47d9-7b53-a3d9-e040-e00a18064a99",0,"fedora_ingest_rails"
"acfad0c6-5d98-11dd-a881-0df89956cd08","https://iiif.nypl.org/index.php?id=uuid:510d47d9-7b56-a3d9-e040-e00a18064a99",0,"fedora_ingest_rails"
"acfacef0-5d98-11dd-aee2-02f89956cd08","https://iiif.nypl.org/index.php?id=uuid:510d47d9-7b56-a3d9-e040-e00a18064a99",0,"fedora_ingest_rails"
"5e7c021c-5e60-11dd-96c8-be318779b126","https://iiif.nypl.org/index.php?id=uuid:510d47d9-7b57-a3d9-e040-e00a18064a99",0,"fedora_ingest_rails"
"ae8926ae-5d98-11dd-8fe4-f6f79956cd08","https://iiif.nypl.org/index.php?id=uuid:510d47d9-7b58-a3d9-e040-e00a18064a99",0,"fedora_ingest_rails"
"0ae48504-6223-11dd-ae0e-41e69956cd08","https://iiif.nypl.org/index.php?id=uuid:bd6bf741-eea2-157d-e040-e00a18062a93",0,"fedora_ingest_rails"
"4491327c-5d99-11dd-a6d4-19288779b126","https://iiif.nypl.org/index.php?id=uuid:510d47d9-7b59-a3d9-e040-e00a18064a99",0,"fedora_ingest_rails"
"8233cc42-5eda-11dd-898f-971f8779b126","https://iiif.nypl.org/index.php?id=uuid:510d47d9-7b5a-a3d9-e040-e00a18064a99",0,"fedora_ingest_rails"
"2372e542-0cc9-11de-8afb-18c89956cd08","https://iiif.nypl.org/index.php?id=uuid:6451b750-e69f-bcd1-e040-e00a180650b2",0,"fedora_ingest_rails"
"45758a44-5d99-11dd-88b1-fa288779b126","https://iiif.nypl.org/index.php?id=uuid:510d47d9-7b5c-a3d9-e040-e00a18064a99",0,"fedora_ingest_rails"
"dc1d4cda-64af-11dd-ab5c-90eb9956cd08","https://iiif.nypl.org/index.php?id=uuid:510d47d9-7b5d-a3d9-e040-e00a18064a99",0,"fedora_ingest_rails"
"b219febc-5f58-11dd-8df4-45cc9956cd08","https://iiif.nypl.org/index.php?id=uuid:510d47d9-7b5e-a3d9-e040-e00a18064a99",0,"fedora_ingest_rails"
"45f53124-5f59-11dd-8fe5-b3018779b126","https://iiif.nypl.org/index.php?id=uuid:510d47d9-7b5e-a3d9-e040-e00a18064a99",0,"fedora_ingest_rails"
"3eb29d34-5f59-11dd-b718-a3018779b126","https://iiif.nypl.org/index.php?id=uuid:510d47d9-7b60-a3d9-e040-e00a18064a99",0,"fedora_ingest_rails"
"b1c609d8-5f58-11dd-a9f0-47cc9956cd08","https://iiif.nypl.org/index.php?id=uuid:510d47d9-7b5f-a3d9-e040-e00a18064a99",0,"fedora_ingest_rails"
"b1ed0394-5f58-11dd-a760-4bcc9956cd08","https://iiif.nypl.org/index.php?id=uuid:510d47d9-7b61-a3d9-e040-e00a18064a99",0,"fedora_ingest_rails"
"4143d748-5f59-11dd-b842-a6018779b126","https://iiif.nypl.org/index.php?id=uuid:510d47d9-7b62-a3d9-e040-e00a18064a99",0,"fedora_ingest_rails"
"a99709ce-5d82-11dd-90bb-d3f49956cd08","https://iiif.nypl.org/index.php?id=uuid:510d47d9-7b63-a3d9-e040-e00a18064a99",0,"fedora_ingest_rails"
"5f0a6c5a-5e60-11dd-af0e-c1318779b126","https://iiif.nypl.org/index.php?id=uuid:510d47d9-7b64-a3d9-e040-e00a18064a99",0,"fedora_ingest_rails"
"b5581794-5f58-11dd-b496-51cc9956cd08","https://iiif.nypl.org/index.php?id=uuid:510d47d9-7b65-a3d9-e040-e00a18064a99",0,"fedora_ingest_rails"
"b545fbb8-5f58-11dd-a7a1-57cc9956cd08","https://iiif.nypl.org/index.php?id=uuid:510d47d9-7b67-a3d9-e040-e00a18064a99",0,"fedora_ingest_rails"
"b8b1906e-5f58-11dd-8dd1-6dcc9956cd08","https://iiif.nypl.org/index.php?id=uuid:510d47d9-7b65-a3d9-e040-e00a18064a99",0,"fedora_ingest_rails"
"b7041f20-5f58-11dd-9c1d-5acc9956cd08","https://iiif.nypl.org/index.php?id=uuid:510d47d9-7b68-a3d9-e040-e00a18064a99",0,"fedora_ingest_rails"
"b83166fa-5f58-11dd-93f5-5ecc9956cd08","https://iiif.nypl.org/index.php?id=uuid:510d47d9-7b69-a3d9-e040-e00a18064a99",0,"fedora_ingest_rails"
"ab23cd18-5d82-11dd-b700-cef49956cd08","https://iiif.nypl.org/index.php?id=uuid:510d47d9-7b6a-a3d9-e040-e00a18064a99",0,"fedora_ingest_rails"
"ac524ac0-5d82-11dd-b8e6-f0f49956cd08","https://iiif.nypl.org/index.php?id=uuid:510d47d9-7b6b-a3d9-e040-e00a18064a99",0,"fedora_ingest_rails"
"b777614c-5f58-11dd-8424-61cc9956cd08","https://iiif.nypl.org/index.php?id=uuid:510d47d9-7b6d-a3d9-e040-e00a18064a99",0,"fedora_ingest_rails"
"b7bdccf4-5f58-11dd-b868-63cc9956cd08","https://iiif.nypl.org/index.php?id=uuid:510d47d9-7b6e-a3d9-e040-e00a18064a99",0,"fedora_ingest_rails"
"85450988-1ff9-11de-a0d5-01039a56cd08","https://iiif.nypl.org/index.php?id=uuid:510d47d9-7b70-a3d9-e040-e00a18064a99",0,"fedora_ingest_rails"
"4705aae4-5f59-11dd-b19e-bf018779b126","https://iiif.nypl.org/index.php?id=uuid:510d47d9-7b72-a3d9-e040-e00a18064a99",0,"fedora_ingest_rails"
"48111144-5f59-11dd-8601-bd018779b126","https://iiif.nypl.org/index.php?id=uuid:510d47d9-7b71-a3d9-e040-e00a18064a99",0,"fedora_ingest_rails"
"46288236-5f59-11dd-bf2c-c2018779b126","https://iiif.nypl.org/index.php?id=uuid:510d47d9-7b73-a3d9-e040-e00a18064a99",0,"fedora_ingest_rails"
"d2d4af66-5e5f-11dd-8b19-32ea9956cd08","https://iiif.nypl.org/index.php?id=uuid:510d47d9-7b74-a3d9-e040-e00a18064a99",0,"fedora_ingest_rails"
"557056f4-6113-11dd-9549-00b89956cd08","https://iiif.nypl.org/index.php?id=uuid:510d47d9-7b75-a3d9-e040-e00a18064a99",0,"fedora_ingest_rails"
"bff7fc14-5f58-11dd-a275-7acc9956cd08","https://iiif.nypl.org/index.php?id=uuid:510d47d9-7b79-a3d9-e040-e00a18064a99",0,"fedora_ingest_rails"
"733f5e80-5ed6-11dd-b8f1-2b078779b126","https://iiif.nypl.org/index.php?id=uuid:510d47d9-7b7a-a3d9-e040-e00a18064a99",0,"fedora_ingest_rails"
"bffdad1c-5f58-11dd-b1ff-7ccc9956cd08","https://iiif.nypl.org/index.php?id=uuid:510d47d9-7b7b-a3d9-e040-e00a18064a99",0,"fedora_ingest_rails"
"1d27077c-5dc4-11dd-8f7f-a7d99956cd08","https://iiif.nypl.org/index.php?id=uuid:510d47d9-7b7c-a3d9-e040-e00a18064a99",0,"fedora_ingest_rails"
"5f8f2120-5e60-11dd-9f2d-c8318779b126","https://iiif.nypl.org/index.php?id=uuid:510d47d9-7b7d-a3d9-e040-e00a18064a99",0,"fedora_ingest_rails"
"acb82bd8-5d82-11dd-82bd-d8f49956cd08","https://iiif.nypl.org/index.php?id=uuid:510d47d9-7b7f-a3d9-e040-e00a18064a99",0,"fedora_ingest_rails"
"1c9bcce8-5dc4-11dd-a380-aad99956cd08","https://iiif.nypl.org/index.php?id=uuid:510d47d9-7b81-a3d9-e040-e00a18064a99",0,"fedora_ingest_rails"
"d4754ede-5e5f-11dd-96f2-38ea9956cd08","https://iiif.nypl.org/index.php?id=uuid:510d47d9-7b80-a3d9-e040-e00a18064a99",0,"fedora_ingest_rails"
"4e243408-5f59-11dd-9bce-cb018779b126","https://iiif.nypl.org/index.php?id=uuid:510d47d9-7b82-a3d9-e040-e00a18064a99",0,"fedora_ingest_rails"
"4dea67a0-5f59-11dd-9b64-ce018779b126","https://iiif.nypl.org/index.php?id=uuid:510d47d9-7b83-a3d9-e040-e00a18064a99",0,"fedora_ingest_rails"
"50315dde-5f59-11dd-82c1-d1018779b126","https://iiif.nypl.org/index.php?id=uuid:510d47d9-7b85-a3d9-e040-e00a18064a99",0,"fedora_ingest_rails"
"c46a59f4-5f58-11dd-8350-89cc9956cd08","https://iiif.nypl.org/index.php?id=uuid:510d47d9-7b87-a3d9-e040-e00a18064a99",0,"fedora_ingest_rails"
"cbf7c76a-60cf-11dd-a588-14508779b126","https://iiif.nypl.org/index.php?id=uuid:510d47d9-7b89-a3d9-e040-e00a18064a99",0,"fedora_ingest_rails"
"5f6cdc39-b5e5-4fcb-87ca-be4b016d289f","https://iiif.nypl.org/index.php?id=uuid:510d47d9-7b88-a3d9-e040-e00a18064a99",0,"fedora_ingest_rails"
"d7e3050c-5e5f-11dd-a1ee-3fea9956cd08","https://iiif.nypl.org/index.php?id=uuid:510d47d9-7b8a-a3d9-e040-e00a18064a99",0,"fedora_ingest_rails"
"c096c0f6-5f58-11dd-8f8b-8ccc9956cd08","https://iiif.nypl.org/index.php?id=uuid:510d47d9-7b8b-a3d9-e040-e00a18064a99",0,"fedora_ingest_rails"
"51268e12-5f59-11dd-94f0-dd018779b126","https://iiif.nypl.org/index.php?id=uuid:510d47d9-7b8d-a3d9-e040-e00a18064a99",0,"fedora_ingest_rails"
"3a02d504-5f1f-11dd-9fe9-05578779b126","https://iiif.nypl.org/index.php?id=uuid:510d47d9-7b8e-a3d9-e040-e00a18064a99",0,"fedora_ingest_rails"
"c6d33774-5f58-11dd-ab02-93cc9956cd08","https://iiif.nypl.org/index.php?id=uuid:510d47d9-7b90-a3d9-e040-e00a18064a99",0,"fedora_ingest_rails"
"c7107364-5f58-11dd-86da-97cc9956cd08","https://iiif.nypl.org/index.php?id=uuid:510d47d9-7b91-a3d9-e040-e00a18064a99",0,"fedora_ingest_rails"
"dd123066-5e5f-11dd-90e8-46ea9956cd08","https://iiif.nypl.org/index.php?id=uuid:510d47d9-7b92-a3d9-e040-e00a18064a99",0,"fedora_ingest_rails"
"5312f6fc-5f59-11dd-9103-e3018779b126","https://iiif.nypl.org/index.php?id=uuid:510d47d9-7b94-a3d9-e040-e00a18064a99",0,"fedora_ingest_rails"
"af46a082-5d82-11dd-b7c3-d3f49956cd08","https://iiif.nypl.org/index.php?id=uuid:510d47d9-7b97-a3d9-e040-e00a18064a99",0,"fedora_ingest_rails"
"c97a9f4e-5f58-11dd-9c37-9fcc9956cd08","https://iiif.nypl.org/index.php?id=uuid:510d47d9-7b95-a3d9-e040-e00a18064a99",0,"fedora_ingest_rails"
"10725f76-5edd-11dd-b9fb-d62a8779b126","https://iiif.nypl.org/index.php?id=uuid:510d47d9-7b98-a3d9-e040-e00a18064a99",0,"fedora_ingest_rails"
"2dc6a50c-5edb-11dd-87f5-f7218779b126","https://iiif.nypl.org/index.php?id=uuid:510d47d9-7b99-a3d9-e040-e00a18064a99",0,"fedora_ingest_rails"
"c996947e-5f58-11dd-bc4b-a2cc9956cd08","https://iiif.nypl.org/index.php?id=uuid:510d47d9-7b9a-a3d9-e040-e00a18064a99",0,"fedora_ingest_rails"
"ca15b4f2-5f58-11dd-bbe7-a5cc9956cd08","https://iiif.nypl.org/index.php?id=uuid:510d47d9-7b9b-a3d9-e040-e00a18064a99",0,"fedora_ingest_rails"
"cbca5550-5f58-11dd-b09c-a9cc9956cd08","https://iiif.nypl.org/index.php?id=uuid:510d47d9-7b9c-a3d9-e040-e00a18064a99",0,"fedora_ingest_rails"
"cbacff82-5f58-11dd-b4f5-accc9956cd08","https://iiif.nypl.org/index.php?id=uuid:510d47d9-7b9d-a3d9-e040-e00a18064a99",0,"fedora_ingest_rails"
"597a6c96-5f59-11dd-a8bc-ef018779b126","https://iiif.nypl.org/index.php?id=uuid:510d47d9-7ba6-a3d9-e040-e00a18064a99",0,"fedora_ingest_rails"
"9eaf510a-e0f9-11e3-94b9-049e957d6753","https://iiif.nypl.org/index.php?id=uuid:510d47d9-7ba7-a3d9-e040-e00a18064a99",0,"fedora_ingest_rails"
"5a3bf99c-5f59-11dd-bf23-f4018779b126","https://iiif.nypl.org/index.php?id=uuid:510d47d9-7ba8-a3d9-e040-e00a18064a99",0,"fedora_ingest_rails"
"b1f5362c-5d82-11dd-91dd-cef49956cd08","https://iiif.nypl.org/index.php?id=uuid:510d47d9-7ba9-a3d9-e040-e00a18064a99",0,"fedora_ingest_rails"
"e1362788-5e5f-11dd-b892-51ea9956cd08","https://iiif.nypl.org/index.php?id=uuid:510d47d9-7bac-a3d9-e040-e00a18064a99",0,"fedora_ingest_rails"
"d0aae152-5f58-11dd-b5b3-b5cc9956cd08","https://iiif.nypl.org/index.php?id=uuid:510d47d9-7baa-a3d9-e040-e00a18064a99",0,"fedora_ingest_rails"
"e45e5c64-5e5f-11dd-910c-54ea9956cd08","https://iiif.nypl.org/index.php?id=uuid:510d47d9-7bad-a3d9-e040-e00a18064a99",0,"fedora_ingest_rails"
"6baaa556-5e60-11dd-bc2c-d8318779b126","https://iiif.nypl.org/index.php?id=uuid:510d47d9-7bae-a3d9-e040-e00a18064a99",0,"fedora_ingest_rails"
"28106e6c-5ed7-11dd-a4f4-3f0d8779b126","https://iiif.nypl.org/index.php?id=uuid:510d47d9-7bb0-a3d9-e040-e00a18064a99",0,"fedora_ingest_rails"
"3bd31f1a-5f1f-11dd-b152-08578779b126","https://iiif.nypl.org/index.php?id=uuid:510d47d9-7bb1-a3d9-e040-e00a18064a99",0,"fedora_ingest_rails"
"5b5a08b4-5f59-11dd-af8b-fa018779b126","https://iiif.nypl.org/index.php?id=uuid:510d47d9-7baf-a3d9-e040-e00a18064a99",0,"fedora_ingest_rails"
"177cfe82-03da-11de-8afb-18c89956cd08","https://iiif.nypl.org/index.php?id=uuid:510d47d9-7bb2-a3d9-e040-e00a18064a99",0,"fedora_ingest_rails"
"5c07857a-5f59-11dd-a996-fc018779b126","https://iiif.nypl.org/index.php?id=uuid:510d47d9-7bb3-a3d9-e040-e00a18064a99",0,"fedora_ingest_rails"
"ae6fd276-5f1e-11dd-9601-e3f79956cd08","https://iiif.nypl.org/index.php?id=uuid:510d47d9-7bb4-a3d9-e040-e00a18064a99",0,"fedora_ingest_rails"
"b212072a-5d82-11dd-96e3-d8f49956cd08","https://iiif.nypl.org/index.php?id=uuid:510d47d9-7bb6-a3d9-e040-e00a18064a99",0,"fedora_ingest_rails"
"505571c4-5d83-11dd-865e-3e0e8779b126","https://iiif.nypl.org/index.php?id=uuid:510d47d9-7bb5-a3d9-e040-e00a18064a99",0,"fedora_ingest_rails"
"b4a0ee66-5d82-11dd-b233-edf49956cd08","https://iiif.nypl.org/index.php?id=uuid:510d47d9-7bb7-a3d9-e040-e00a18064a99",0,"fedora_ingest_rails"
"b59045c4-5d82-11dd-8088-d3f49956cd08","https://iiif.nypl.org/index.php?id=uuid:510d47d9-7bb8-a3d9-e040-e00a18064a99",0,"fedora_ingest_rails"
"4d49dd8a-5d83-11dd-9757-3a0e8779b126","https://iiif.nypl.org/index.php?id=uuid:510d47d9-7bb9-a3d9-e040-e00a18064a99",0,"fedora_ingest_rails"
"b6fea2b6-5d82-11dd-b341-cef49956cd08","https://iiif.nypl.org/index.php?id=uuid:510d47d9-7bbb-a3d9-e040-e00a18064a99",0,"fedora_ingest_rails"
"b61fcaaa-5d82-11dd-b9d1-d8f49956cd08","https://iiif.nypl.org/index.php?id=uuid:510d47d9-7bba-a3d9-e040-e00a18064a99",0,"fedora_ingest_rails"
"bea5e8e4-5d82-11dd-a18c-edf49956cd08","https://iiif.nypl.org/index.php?id=uuid:510d47d9-7bbd-a3d9-e040-e00a18064a99",0,"fedora_ingest_rails"
"4ae0042a-5d83-11dd-822b-3c0e8779b126","https://iiif.nypl.org/index.php?id=uuid:510d47d9-7bbc-a3d9-e040-e00a18064a99",0,"fedora_ingest_rails"
"be3840fa-5d82-11dd-afc8-d3f49956cd08","https://iiif.nypl.org/index.php?id=uuid:510d47d9-7bbe-a3d9-e040-e00a18064a99",0,"fedora_ingest_rails"
"6ade06a4-5e60-11dd-9dc2-db318779b126","https://iiif.nypl.org/index.php?id=uuid:510d47d9-7bbf-a3d9-e040-e00a18064a99",0,"fedora_ingest_rails"
"bd8ec49e-5d82-11dd-9dd3-d8f49956cd08","https://iiif.nypl.org/index.php?id=uuid:510d47d9-7bc0-a3d9-e040-e00a18064a99",0,"fedora_ingest_rails"
"bffb800a-5d82-11dd-8183-f0f49956cd08","https://iiif.nypl.org/index.php?id=uuid:510d47d9-7bc2-a3d9-e040-e00a18064a99",0,"fedora_ingest_rails"
"c384e504-5d82-11dd-99c4-d8f49956cd08","https://iiif.nypl.org/index.php?id=uuid:510d47d9-7bc3-a3d9-e040-e00a18064a99",0,"fedora_ingest_rails"
"6fe211a4-5e60-11dd-a211-e1318779b126","https://iiif.nypl.org/index.php?id=uuid:510d47d9-7bc4-a3d9-e040-e00a18064a99",0,"fedora_ingest_rails"
"c244d6f4-5d82-11dd-bc1d-cef49956cd08","https://iiif.nypl.org/index.php?id=uuid:510d47d9-7bc5-a3d9-e040-e00a18064a99",0,"fedora_ingest_rails"
"754c8976-5e60-11dd-bb48-ee318779b126","https://iiif.nypl.org/index.php?id=uuid:510d47d9-7bc4-a3d9-e040-e00a18064a99",0,"fedora_ingest_rails"
"e3629884-5e5f-11dd-82da-57ea9956cd08","https://iiif.nypl.org/index.php?id=uuid:510d47d9-7bc6-a3d9-e040-e00a18064a99",0,"fedora_ingest_rails"
"c488a2e2-5d82-11dd-90cb-edf49956cd08","https://iiif.nypl.org/index.php?id=uuid:510d47d9-7bc8-a3d9-e040-e00a18064a99",0,"fedora_ingest_rails"
"5d433b64-5d83-11dd-affb-3c0e8779b126","https://iiif.nypl.org/index.php?id=uuid:510d47d9-7bc9-a3d9-e040-e00a18064a99",0,"fedora_ingest_rails"
"c4b56278-5d82-11dd-b6c7-f0f49956cd08","https://iiif.nypl.org/index.php?id=uuid:510d47d9-7bca-a3d9-e040-e00a18064a99",0,"fedora_ingest_rails"
"c6103738-5d82-11dd-8327-cef49956cd08","https://iiif.nypl.org/index.php?id=uuid:510d47d9-7bcb-a3d9-e040-e00a18064a99",0,"fedora_ingest_rails"
"c85bfd06-5d82-11dd-8cba-edf49956cd08","https://iiif.nypl.org/index.php?id=uuid:510d47d9-7bcd-a3d9-e040-e00a18064a99",0,"fedora_ingest_rails"
"cd1eb004-5d82-11dd-871d-f0f49956cd08","https://iiif.nypl.org/index.php?id=uuid:510d47d9-7bce-a3d9-e040-e00a18064a99",0,"fedora_ingest_rails"
"ccd41be8-5d82-11dd-ab35-cef49956cd08","https://iiif.nypl.org/index.php?id=uuid:510d47d9-7bcf-a3d9-e040-e00a18064a99",0,"fedora_ingest_rails"
"66b494b8-5d83-11dd-a70d-3a0e8779b126","https://iiif.nypl.org/index.php?id=uuid:510d47d9-7bd0-a3d9-e040-e00a18064a99",0,"fedora_ingest_rails"
"e61a379e-5e5f-11dd-ad58-5eea9956cd08","https://iiif.nypl.org/index.php?id=uuid:510d47d9-7bd1-a3d9-e040-e00a18064a99",0,"fedora_ingest_rails"
"cf267dd2-5d82-11dd-88e8-d8f49956cd08","https://iiif.nypl.org/index.php?id=uuid:510d47d9-7bd2-a3d9-e040-e00a18064a99",0,"fedora_ingest_rails"
"74fea68e-5e60-11dd-925b-e5318779b126","https://iiif.nypl.org/index.php?id=uuid:510d47d9-7bd3-a3d9-e040-e00a18064a99",0,"fedora_ingest_rails"
"cf566074-5d82-11dd-a6e3-edf49956cd08","https://iiif.nypl.org/index.php?id=uuid:510d47d9-7bd4-a3d9-e040-e00a18064a99",0,"fedora_ingest_rails"
"e8f7088e-5e5f-11dd-af8e-61ea9956cd08","https://iiif.nypl.org/index.php?id=uuid:510d47d9-7bd5-a3d9-e040-e00a18064a99",0,"fedora_ingest_rails"
"cf73cc18-5d82-11dd-ad89-d3f49956cd08","https://iiif.nypl.org/index.php?id=uuid:510d47d9-7bd6-a3d9-e040-e00a18064a99",0,"fedora_ingest_rails"
"d0d3a86c-5d82-11dd-acd8-f0f49956cd08","https://iiif.nypl.org/index.php?id=uuid:510d47d9-7bd7-a3d9-e040-e00a18064a99",0,"fedora_ingest_rails"
"d43e5df8-5d82-11dd-a726-cef49956cd08","https://iiif.nypl.org/index.php?id=uuid:510d47d9-7bd8-a3d9-e040-e00a18064a99",0,"fedora_ingest_rails"
"66891306-5d83-11dd-9895-3e0e8779b126","https://iiif.nypl.org/index.php?id=uuid:510d47d9-7bd9-a3d9-e040-e00a18064a99",0,"fedora_ingest_rails"
"8a279f12-5edc-11dd-9a10-64f09956cd08","https://iiif.nypl.org/index.php?id=uuid:510d47d9-7bda-a3d9-e040-e00a18064a99",0,"fedora_ingest_rails"
"d628d1b6-5d82-11dd-b144-edf49956cd08","https://iiif.nypl.org/index.php?id=uuid:510d47d9-7bdb-a3d9-e040-e00a18064a99",0,"fedora_ingest_rails"
"d6f54796-5d82-11dd-8339-d8f49956cd08","https://iiif.nypl.org/index.php?id=uuid:510d47d9-7bdd-a3d9-e040-e00a18064a99",0,"fedora_ingest_rails"
"9ea2e4a1-647d-4102-bd82-cd84e7838c11","https://iiif.nypl.org/index.php?id=uuid:510d47d9-7bdc-a3d9-e040-e00a18064a99",0,"fedora_ingest_rails"
"e806ed7c-5e5f-11dd-b491-64ea9956cd08","https://iiif.nypl.org/index.php?id=uuid:510d47d9-7bde-a3d9-e040-e00a18064a99",0,"fedora_ingest_rails"
"7819010c-5e60-11dd-8e97-e8318779b126","https://iiif.nypl.org/index.php?id=uuid:510d47d9-7be1-a3d9-e040-e00a18064a99",0,"fedora_ingest_rails"
"d7e9ffe6-622f-11dd-b8a8-ed6d8779b126","https://iiif.nypl.org/index.php?id=uuid:510d47d9-7be5-a3d9-e040-e00a18064a99",0,"fedora_ingest_rails"
"71d5a2b0-5d83-11dd-aabe-3c0e8779b126","https://iiif.nypl.org/index.php?id=uuid:510d47d9-7be6-a3d9-e040-e00a18064a99",0,"fedora_ingest_rails"
"d9af4e82-5d82-11dd-8c3f-d3f49956cd08","https://iiif.nypl.org/index.php?id=uuid:510d47d9-7be7-a3d9-e040-e00a18064a99",0,"fedora_ingest_rails"
"df62b8dc-5d82-11dd-a4bb-cef49956cd08","https://iiif.nypl.org/index.php?id=uuid:510d47d9-7be8-a3d9-e040-e00a18064a99",0,"fedora_ingest_rails"
"e0797332-5d82-11dd-9d44-d8f49956cd08","https://iiif.nypl.org/index.php?id=uuid:510d47d9-7bea-a3d9-e040-e00a18064a99",0,"fedora_ingest_rails"
"e22c54ba-5d82-11dd-a223-edf49956cd08","https://iiif.nypl.org/index.php?id=uuid:510d47d9-7beb-a3d9-e040-e00a18064a99",0,"fedora_ingest_rails"
"e23595a2-5d82-11dd-b60e-f0f49956cd08","https://iiif.nypl.org/index.php?id=uuid:510d47d9-7bec-a3d9-e040-e00a18064a99",0,"fedora_ingest_rails"
"789078e6-5d83-11dd-9ac1-3e0e8779b126","https://iiif.nypl.org/index.php?id=uuid:510d47d9-7bed-a3d9-e040-e00a18064a99",0,"fedora_ingest_rails"
"3c5bf61e-5f1f-11dd-8ad0-0f578779b126","https://iiif.nypl.org/index.php?id=uuid:510d47d9-7bef-a3d9-e040-e00a18064a99",0,"fedora_ingest_rails"
"3f9a2c98-66b2-11dd-a057-e2538779b126","https://iiif.nypl.org/index.php?id=uuid:510d47d9-7bf0-a3d9-e040-e00a18064a99",0,"fedora_ingest_rails"
"e4bed4be-5d82-11dd-8555-cef49956cd08","https://iiif.nypl.org/index.php?id=uuid:510d47d9-7bf1-a3d9-e040-e00a18064a99",0,"fedora_ingest_rails"
"3f074f76-5f1f-11dd-8f4d-12578779b126","https://iiif.nypl.org/index.php?id=uuid:510d47d9-7bf2-a3d9-e040-e00a18064a99",0,"fedora_ingest_rails"
"3fee7d06-5f1f-11dd-a416-15578779b126","https://iiif.nypl.org/index.php?id=uuid:510d47d9-7bf3-a3d9-e040-e00a18064a99",0,"fedora_ingest_rails"
"b339cbe0-5f1e-11dd-9be1-e5f79956cd08","https://iiif.nypl.org/index.php?id=uuid:510d47d9-7bf5-a3d9-e040-e00a18064a99",0,"fedora_ingest_rails"
"3e50a970-622f-11dd-b9c9-c30f9a56cd08","https://iiif.nypl.org/index.php?id=uuid:510d47d9-7bf4-a3d9-e040-e00a18064a99",0,"fedora_ingest_rails"
"efd1a1ca-5e8a-11dd-940d-01618779b126","https://iiif.nypl.org/index.php?id=uuid:510d47d9-7bf7-a3d9-e040-e00a18064a99",0,"fedora_ingest_rails"
"2806f38a-9c50-11dd-a065-44d39956cd08","https://iiif.nypl.org/index.php?id=uuid:510d47d9-7bf6-a3d9-e040-e00a18064a99",0,"fedora_ingest_rails"
"ef4041ce-5e5f-11dd-9f8a-73ea9956cd08","https://iiif.nypl.org/index.php?id=uuid:510d47d9-7bf8-a3d9-e040-e00a18064a99",0,"fedora_ingest_rails"
"81ac1d44-5e60-11dd-a556-00328779b126","https://iiif.nypl.org/index.php?id=uuid:510d47d9-7bf8-a3d9-e040-e00a18064a99",0,"fedora_ingest_rails"
"403b712a-622f-11dd-9394-c60f9a56cd08","https://iiif.nypl.org/index.php?id=uuid:510d47d9-7bf9-a3d9-e040-e00a18064a99",0,"fedora_ingest_rails"
"b64cfdca-5f1e-11dd-81e2-e8f79956cd08","https://iiif.nypl.org/index.php?id=uuid:510d47d9-7bfb-a3d9-e040-e00a18064a99",0,"fedora_ingest_rails"
"22583b48-6108-11dd-bd69-bf658779b126","https://iiif.nypl.org/index.php?id=uuid:88c29255-0aaa-a090-e040-e00a18065550",0,"fedora_ingest_rails"
"4b045bf2-5f1f-11dd-9d35-34578779b126","https://iiif.nypl.org/index.php?id=uuid:510d47d9-7bfb-a3d9-e040-e00a18064a99",0,"fedora_ingest_rails"
"e92c121e-5d82-11dd-a47c-f0f49956cd08","https://iiif.nypl.org/index.php?id=uuid:510d47d9-7bfc-a3d9-e040-e00a18064a99",0,"fedora_ingest_rails"
"aee0b448-6714-11dd-9c7e-0aaa9956cd08","https://iiif.nypl.org/index.php?id=uuid:510d47d9-7bfd-a3d9-e040-e00a18064a99",0,"fedora_ingest_rails"
"0c934618-5f23-11dd-90c6-56618779b126","https://iiif.nypl.org/index.php?id=uuid:510d47d9-7bfe-a3d9-e040-e00a18064a99",0,"fedora_ingest_rails"
"82c4a620-5d83-11dd-8c13-3a0e8779b126","https://iiif.nypl.org/index.php?id=uuid:510d47d9-7c00-a3d9-e040-e00a18064a99",0,"fedora_ingest_rails"
"e8e88c1a-5d82-11dd-adcc-d8f49956cd08","https://iiif.nypl.org/index.php?id=uuid:510d47d9-7bff-a3d9-e040-e00a18064a99",0,"fedora_ingest_rails"
"12369552-5f23-11dd-ad90-83618779b126","https://iiif.nypl.org/index.php?id=uuid:510d47d9-7bfe-a3d9-e040-e00a18064a99",0,"fedora_ingest_rails"
"4cf479c0-622f-11dd-8e32-ef0f9a56cd08","https://iiif.nypl.org/index.php?id=uuid:510d47d9-7c01-a3d9-e040-e00a18064a99",0,"fedora_ingest_rails"
"e9d71704-5d82-11dd-8047-edf49956cd08","https://iiif.nypl.org/index.php?id=uuid:510d47d9-7c02-a3d9-e040-e00a18064a99",0,"fedora_ingest_rails"
"eb07e022-5d82-11dd-b046-cef49956cd08","https://iiif.nypl.org/index.php?id=uuid:510d47d9-7c03-a3d9-e040-e00a18064a99",0,"fedora_ingest_rails"
"872219dc-5d83-11dd-94ad-3c0e8779b126","https://iiif.nypl.org/index.php?id=uuid:510d47d9-7c04-a3d9-e040-e00a18064a99",0,"fedora_ingest_rails"
"f32d019c-5d82-11dd-abed-cef49956cd08","https://iiif.nypl.org/index.php?id=uuid:510d47d9-7c05-a3d9-e040-e00a18064a99",0,"fedora_ingest_rails"
"f366d386-5d82-11dd-8a74-d3f49956cd08","https://iiif.nypl.org/index.php?id=uuid:510d47d9-7c06-a3d9-e040-e00a18064a99",0,"fedora_ingest_rails"
"8fa5b9b0-5d83-11dd-a8b1-3e0e8779b126","https://iiif.nypl.org/index.php?id=uuid:510d47d9-7c07-a3d9-e040-e00a18064a99",0,"fedora_ingest_rails"
"63154138-5e8a-11dd-9d40-8fce9956cd08","https://iiif.nypl.org/index.php?id=uuid:510d47d9-7c08-a3d9-e040-e00a18064a99",0,"fedora_ingest_rails"
"f04536b2-5e8a-11dd-9afd-03618779b126","https://iiif.nypl.org/index.php?id=uuid:510d47d9-7c09-a3d9-e040-e00a18064a99",0,"fedora_ingest_rails"
"640ccd86-5e8a-11dd-833c-92ce9956cd08","https://iiif.nypl.org/index.php?id=uuid:510d47d9-7c0a-a3d9-e040-e00a18064a99",0,"fedora_ingest_rails"
"f2d9ee16-5e5f-11dd-bbe5-77ea9956cd08","https://iiif.nypl.org/index.php?id=uuid:510d47d9-7c0c-a3d9-e040-e00a18064a99",0,"fedora_ingest_rails"
"b8fee208-3e1a-48e5-a450-eff31c18de92","https://iiif.nypl.org/index.php?id=uuid:510d47d9-7c0b-a3d9-e040-e00a18064a99",0,"fedora_ingest_rails"
"f696f1d0-5d82-11dd-83b5-d8f49956cd08","https://iiif.nypl.org/index.php?id=uuid:510d47d9-7c0d-a3d9-e040-e00a18064a99",0,"fedora_ingest_rails"
"f696ab76-5d82-11dd-a95c-f0f49956cd08","https://iiif.nypl.org/index.php?id=uuid:510d47d9-7c0e-a3d9-e040-e00a18064a99",0,"fedora_ingest_rails"
"62db6dc8-5e8a-11dd-96ff-95ce9956cd08","https://iiif.nypl.org/index.php?id=uuid:510d47d9-7c0f-a3d9-e040-e00a18064a99",0,"fedora_ingest_rails"
"f97bc8e4-5d82-11dd-91ae-cef49956cd08","https://iiif.nypl.org/index.php?id=uuid:510d47d9-7c11-a3d9-e040-e00a18064a99",0,"fedora_ingest_rails"
"f0889344-5e8a-11dd-bf0c-06618779b126","https://iiif.nypl.org/index.php?id=uuid:510d47d9-7c10-a3d9-e040-e00a18064a99",0,"fedora_ingest_rails"
"7c5d39b8-5e60-11dd-a227-f4318779b126","https://iiif.nypl.org/index.php?id=uuid:510d47d9-7c12-a3d9-e040-e00a18064a99",0,"fedora_ingest_rails"
"7e61fb0e-5e60-11dd-a34f-f7318779b126","https://iiif.nypl.org/index.php?id=uuid:510d47d9-7c14-a3d9-e040-e00a18064a99",0,"fedora_ingest_rails"
"64b16382-5e8a-11dd-ae11-98ce9956cd08","https://iiif.nypl.org/index.php?id=uuid:510d47d9-7c13-a3d9-e040-e00a18064a99",0,"fedora_ingest_rails"
"ea64afc2-5e4c-11dd-a825-68d39956cd08","https://iiif.nypl.org/index.php?id=uuid:bd949a25-573b-5172-e040-e00a18067611",0,"fedora_ingest_rails"
"f108bbda-5e5f-11dd-b7f4-7aea9956cd08","https://iiif.nypl.org/index.php?id=uuid:510d47d9-7c16-a3d9-e040-e00a18064a99",0,"fedora_ingest_rails"
"413703b8-7e35-11df-9190-01a39956cd08","https://iiif.nypl.org/index.php?id=uuid:510d47d9-7c19-a3d9-e040-e00a18064a99",0,"fedora_ingest_rails"
"fb4e8788-5d82-11dd-b44f-d8f49956cd08","https://iiif.nypl.org/index.php?id=uuid:510d47d9-7c1a-a3d9-e040-e00a18064a99",0,"fedora_ingest_rails"
"f3cc1af6-5e5f-11dd-b05b-7dea9956cd08","https://iiif.nypl.org/index.php?id=uuid:510d47d9-7c17-a3d9-e040-e00a18064a99",0,"fedora_ingest_rails"
"847b486a-5e60-11dd-8790-fa318779b126","https://iiif.nypl.org/index.php?id=uuid:510d47d9-7c1b-a3d9-e040-e00a18064a99",0,"fedora_ingest_rails"
"fb45f58c-5d82-11dd-8fa9-f0f49956cd08","https://iiif.nypl.org/index.php?id=uuid:510d47d9-7c18-a3d9-e040-e00a18064a99",0,"fedora_ingest_rails"
"f7666446-5e5f-11dd-b475-85ea9956cd08","https://iiif.nypl.org/index.php?id=uuid:510d47d9-7c1e-a3d9-e040-e00a18064a99",0,"fedora_ingest_rails"
"99d3756c-5d83-11dd-b903-3a0e8779b126","https://iiif.nypl.org/index.php?id=uuid:510d47d9-7c1f-a3d9-e040-e00a18064a99",0,"fedora_ingest_rails"
"d24822cc-5f58-11dd-a501-bacc9956cd08","https://iiif.nypl.org/index.php?id=uuid:510d47d9-7c20-a3d9-e040-e00a18064a99",0,"fedora_ingest_rails"
"82e3e3c2-5e60-11dd-a72d-fd318779b126","https://iiif.nypl.org/index.php?id=uuid:510d47d9-7c22-a3d9-e040-e00a18064a99",0,"fedora_ingest_rails"
"d2012f70-5f58-11dd-ab7c-bdcc9956cd08","https://iiif.nypl.org/index.php?id=uuid:510d47d9-7c21-a3d9-e040-e00a18064a99",0,"fedora_ingest_rails"
"f6940adc-5e5f-11dd-848a-88ea9956cd08","https://iiif.nypl.org/index.php?id=uuid:510d47d9-7c24-a3d9-e040-e00a18064a99",0,"fedora_ingest_rails"
"02cf6590-5d83-11dd-8819-edf49956cd08","https://iiif.nypl.org/index.php?id=uuid:510d47d9-7c27-a3d9-e040-e00a18064a99",0,"fedora_ingest_rails"
"61b2d18c-5f59-11dd-b79e-05028779b126","https://iiif.nypl.org/index.php?id=uuid:510d47d9-7c26-a3d9-e040-e00a18064a99",0,"fedora_ingest_rails"
"fe73d45e-5d82-11dd-a390-f0f49956cd08","https://iiif.nypl.org/index.php?id=uuid:510d47d9-7c28-a3d9-e040-e00a18064a99",0,"fedora_ingest_rails"
"f16e917a-5e4c-11dd-8340-8dd39956cd08","https://iiif.nypl.org/index.php?id=uuid:bd93e39f-16e5-9089-e040-e00a18066abc",0,"fedora_ingest_rails"
"00294e0a-5d83-11dd-9e0d-d8f49956cd08","https://iiif.nypl.org/index.php?id=uuid:510d47d9-7c29-a3d9-e040-e00a18064a99",0,"fedora_ingest_rails"
"f875f356-5e5f-11dd-aa8b-8bea9956cd08","https://iiif.nypl.org/index.php?id=uuid:510d47d9-7c2d-a3d9-e040-e00a18064a99",0,"fedora_ingest_rails"
"893a1d82-5edc-11dd-bdc9-67f09956cd08","https://iiif.nypl.org/index.php?id=uuid:510d47d9-7c2c-a3d9-e040-e00a18064a99",0,"fedora_ingest_rails"
"4cf5bee8-622f-11dd-b7c7-e10f9a56cd08","https://iiif.nypl.org/index.php?id=uuid:510d47d9-7c2a-a3d9-e040-e00a18064a99",0,"fedora_ingest_rails"
"d5ef3ee2-5f58-11dd-80ab-c7cc9956cd08","https://iiif.nypl.org/index.php?id=uuid:510d47d9-7c2e-a3d9-e040-e00a18064a99",0,"fedora_ingest_rails"
"68a55db6-5f59-11dd-aa20-24028779b126","https://iiif.nypl.org/index.php?id=uuid:510d47d9-7c2e-a3d9-e040-e00a18064a99",0,"fedora_ingest_rails"
"fabbbc54-5e5f-11dd-86fe-8eea9956cd08","https://iiif.nypl.org/index.php?id=uuid:510d47d9-7c2f-a3d9-e040-e00a18064a99",0,"fedora_ingest_rails"
"db56b0e0-5f58-11dd-a083-cecc9956cd08","https://iiif.nypl.org/index.php?id=uuid:510d47d9-7c30-a3d9-e040-e00a18064a99",0,"fedora_ingest_rails"
"04edf666-5d83-11dd-924d-cef49956cd08","https://iiif.nypl.org/index.php?id=uuid:510d47d9-7c31-a3d9-e040-e00a18064a99",0,"fedora_ingest_rails"
"054b347a-5d83-11dd-8665-d8f49956cd08","https://iiif.nypl.org/index.php?id=uuid:510d47d9-7c32-a3d9-e040-e00a18064a99",0,"fedora_ingest_rails"
"9ef629d6-5d83-11dd-a4be-3c0e8779b126","https://iiif.nypl.org/index.php?id=uuid:510d47d9-7c33-a3d9-e040-e00a18064a99",0,"fedora_ingest_rails"
"3dc11b6a-5f1f-11dd-8ccf-1c578779b126","https://iiif.nypl.org/index.php?id=uuid:510d47d9-7c36-a3d9-e040-e00a18064a99",0,"fedora_ingest_rails"
"897450aa-5e60-11dd-b12c-04328779b126","https://iiif.nypl.org/index.php?id=uuid:510d47d9-7c34-a3d9-e040-e00a18064a99",0,"fedora_ingest_rails"
"05e35f16-5d83-11dd-b073-d3f49956cd08","https://iiif.nypl.org/index.php?id=uuid:510d47d9-7c35-a3d9-e040-e00a18064a99",0,"fedora_ingest_rails"
"0baa9dd8-5d83-11dd-9536-f0f49956cd08","https://iiif.nypl.org/index.php?id=uuid:510d47d9-7c38-a3d9-e040-e00a18064a99",0,"fedora_ingest_rails"
"0c9f8136-5d83-11dd-b221-edf49956cd08","https://iiif.nypl.org/index.php?id=uuid:510d47d9-7c3f-a3d9-e040-e00a18064a99",0,"fedora_ingest_rails"
"a6d772c2-5d83-11dd-a487-3e0e8779b126","https://iiif.nypl.org/index.php?id=uuid:510d47d9-7c41-a3d9-e040-e00a18064a99",0,"fedora_ingest_rails"
"f976df40-5e5f-11dd-b8da-91ea9956cd08","https://iiif.nypl.org/index.php?id=uuid:510d47d9-7c3e-a3d9-e040-e00a18064a99",0,"fedora_ingest_rails"
"0ccc03c8-5d83-11dd-be3d-d3f49956cd08","https://iiif.nypl.org/index.php?id=uuid:510d47d9-7c40-a3d9-e040-e00a18064a99",0,"fedora_ingest_rails"
"0d3e34fc-5d83-11dd-9f56-d8f49956cd08","https://iiif.nypl.org/index.php?id=uuid:510d47d9-7c42-a3d9-e040-e00a18064a99",0,"fedora_ingest_rails"
"fcffe10c-5e5f-11dd-a442-96ea9956cd08","https://iiif.nypl.org/index.php?id=uuid:510d47d9-7c43-a3d9-e040-e00a18064a99",0,"fedora_ingest_rails"
"157a7c0c-5d83-11dd-83f8-d3f49956cd08","https://iiif.nypl.org/index.php?id=uuid:510d47d9-7c46-a3d9-e040-e00a18064a99",0,"fedora_ingest_rails"
"0e6ba616-5d83-11dd-90e3-cef49956cd08","https://iiif.nypl.org/index.php?id=uuid:510d47d9-7c44-a3d9-e040-e00a18064a99",0,"fedora_ingest_rails"
"15a08b36-5d83-11dd-9bd8-edf49956cd08","https://iiif.nypl.org/index.php?id=uuid:510d47d9-7c45-a3d9-e040-e00a18064a99",0,"fedora_ingest_rails"
"16310f3a-5d83-11dd-8b66-f0f49956cd08","https://iiif.nypl.org/index.php?id=uuid:510d47d9-7c48-a3d9-e040-e00a18064a99",0,"fedora_ingest_rails"
"6613ba3e-5f59-11dd-b1ce-10028779b126","https://iiif.nypl.org/index.php?id=uuid:510d47d9-7c4a-a3d9-e040-e00a18064a99",0,"fedora_ingest_rails"
"ff50b7d8-5e5f-11dd-b6d8-9cea9956cd08","https://iiif.nypl.org/index.php?id=uuid:510d47d9-7c4c-a3d9-e040-e00a18064a99",0,"fedora_ingest_rails"
"64f9b6da-5f59-11dd-8f99-14028779b126","https://iiif.nypl.org/index.php?id=uuid:510d47d9-7c4b-a3d9-e040-e00a18064a99",0,"fedora_ingest_rails"
"6c58cca4-5f59-11dd-aa43-1b028779b126","https://iiif.nypl.org/index.php?id=uuid:510d47d9-7c4d-a3d9-e040-e00a18064a99",0,"fedora_ingest_rails"
"90b3c97c-5e60-11dd-b151-07328779b126","https://iiif.nypl.org/index.php?id=uuid:510d47d9-7c4f-a3d9-e040-e00a18064a99",0,"fedora_ingest_rails"
"02f3aeae-5e60-11dd-9038-a6ea9956cd08","https://iiif.nypl.org/index.php?id=uuid:510d47d9-7c53-a3d9-e040-e00a18064a99",0,"fedora_ingest_rails"
"0174b6b8-5e60-11dd-b742-a3ea9956cd08","https://iiif.nypl.org/index.php?id=uuid:510d47d9-7c50-a3d9-e040-e00a18064a99",0,"fedora_ingest_rails"
"151f5a70-5d83-11dd-a6b6-cef49956cd08","https://iiif.nypl.org/index.php?id=uuid:510d47d9-7c52-a3d9-e040-e00a18064a99",0,"fedora_ingest_rails"
"91f1300e-5e60-11dd-a17a-0a328779b126","https://iiif.nypl.org/index.php?id=uuid:510d47d9-7c54-a3d9-e040-e00a18064a99",0,"fedora_ingest_rails"
"2b6cacd4-f90e-11dd-8afb-18c89956cd08","https://iiif.nypl.org/index.php?id=uuid:510d47d9-7c55-a3d9-e040-e00a18064a99",0,"fedora_ingest_rails"
"1619b768-5d83-11dd-9e35-d8f49956cd08","https://iiif.nypl.org/index.php?id=uuid:510d47d9-7c56-a3d9-e040-e00a18064a99",0,"fedora_ingest_rails"
"185cdd84-5d83-11dd-8883-cef49956cd08","https://iiif.nypl.org/index.php?id=uuid:510d47d9-7c58-a3d9-e040-e00a18064a99",0,"fedora_ingest_rails"
"928e0a78-5e60-11dd-9a19-0d328779b126","https://iiif.nypl.org/index.php?id=uuid:510d47d9-7c57-a3d9-e040-e00a18064a99",0,"fedora_ingest_rails"
"1900e0fa-5d83-11dd-b740-d3f49956cd08","https://iiif.nypl.org/index.php?id=uuid:510d47d9-7c59-a3d9-e040-e00a18064a99",0,"fedora_ingest_rails"
"94398564-5e60-11dd-9da5-10328779b126","https://iiif.nypl.org/index.php?id=uuid:510d47d9-7c5a-a3d9-e040-e00a18064a99",0,"fedora_ingest_rails"
"1c5800bc-5d83-11dd-a5cb-d8f49956cd08","https://iiif.nypl.org/index.php?id=uuid:510d47d9-7c5b-a3d9-e040-e00a18064a99",0,"fedora_ingest_rails"
"1ea877c0-5d83-11dd-b9f1-cef49956cd08","https://iiif.nypl.org/index.php?id=uuid:510d47d9-7c5c-a3d9-e040-e00a18064a99",0,"fedora_ingest_rails"
"af4b5702-5d83-11dd-9a9f-3c0e8779b126","https://iiif-prod.nypl.org/index.php?id=54764&t=u",1,"fedora_ingest_rails"
"075e0dcc-5e60-11dd-a5dd-a9ea9956cd08","https://iiif.nypl.org/index.php?id=uuid:510d47d9-7c5e-a3d9-e040-e00a18064a99",0,"fedora_ingest_rails"
"902e6fac-5e60-11dd-94e8-13328779b126","https://iiif.nypl.org/index.php?id=uuid:510d47d9-7c60-a3d9-e040-e00a18064a99",0,"fedora_ingest_rails"
"555a1f9a-6f25-11dd-a838-55418779b126","https://iiif.nypl.org/index.php?id=uuid:510d47d9-7c5f-a3d9-e040-e00a18064a99",0,"fedora_ingest_rails"
"d9916f20-5f58-11dd-b2ca-d4cc9956cd08","https://iiif.nypl.org/index.php?id=uuid:510d47d9-7c61-a3d9-e040-e00a18064a99",0,"fedora_ingest_rails"
"08a76958-5e60-11dd-b97d-acea9956cd08","https://iiif.nypl.org/index.php?id=uuid:510d47d9-7c62-a3d9-e040-e00a18064a99",0,"fedora_ingest_rails"
"1d8ffaf2-5d83-11dd-933a-f0f49956cd08","https://iiif.nypl.org/index.php?id=uuid:510d47d9-7c64-a3d9-e040-e00a18064a99",0,"fedora_ingest_rails"
"1d56ee9c-5d83-11dd-aed2-d3f49956cd08","https://iiif.nypl.org/index.php?id=uuid:510d47d9-7c65-a3d9-e040-e00a18064a99",0,"fedora_ingest_rails"
"1edbc490-5d83-11dd-8426-edf49956cd08","https://iiif.nypl.org/index.php?id=uuid:510d47d9-7c66-a3d9-e040-e00a18064a99",0,"fedora_ingest_rails"
"20b1170c-5d83-11dd-86ed-d3f49956cd08","https://iiif.nypl.org/index.php?id=uuid:510d47d9-7c67-a3d9-e040-e00a18064a99",0,"fedora_ingest_rails"
"b6f4f8b4-5d83-11dd-99f2-3a0e8779b126","https://iiif.nypl.org/index.php?id=uuid:510d47d9-7c68-a3d9-e040-e00a18064a99",0,"fedora_ingest_rails"
"217f57a2-5d83-11dd-9ca0-f0f49956cd08","https://iiif.nypl.org/index.php?id=uuid:510d47d9-7c69-a3d9-e040-e00a18064a99",0,"fedora_ingest_rails"
"6ab6345e-5f59-11dd-9e15-1e028779b126","https://iiif.nypl.org/index.php?id=uuid:510d47d9-7c6b-a3d9-e040-e00a18064a99",0,"fedora_ingest_rails"
"dd96fe00-5f58-11dd-915b-dacc9956cd08","https://iiif.nypl.org/index.php?id=uuid:510d47d9-7c6a-a3d9-e040-e00a18064a99",0,"fedora_ingest_rails"
"26bbc868-5d83-11dd-89e5-edf49956cd08","https://iiif.nypl.org/index.php?id=uuid:510d47d9-7c6c-a3d9-e040-e00a18064a99",0,"fedora_ingest_rails"
"26b1f298-5d83-11dd-a12b-d8f49956cd08","https://iiif.nypl.org/index.php?id=uuid:510d47d9-7c6d-a3d9-e040-e00a18064a99",0,"fedora_ingest_rails"
"9758ba9e-5e60-11dd-8fc5-16328779b126","https://iiif.nypl.org/index.php?id=uuid:510d47d9-7c6e-a3d9-e040-e00a18064a99",0,"fedora_ingest_rails"
"28730b9e-5d83-11dd-bbab-d3f49956cd08","https://iiif.nypl.org/index.php?id=uuid:510d47d9-7c70-a3d9-e040-e00a18064a99",0,"fedora_ingest_rails"
"282d6594-5d83-11dd-a78f-f0f49956cd08","https://iiif.nypl.org/index.php?id=uuid:510d47d9-7c72-a3d9-e040-e00a18064a99",0,"fedora_ingest_rails"
"0658c6ba-5e60-11dd-b306-afea9956cd08","https://iiif.nypl.org/index.php?id=uuid:510d47d9-7c71-a3d9-e040-e00a18064a99",0,"fedora_ingest_rails"
"99abf018-5e60-11dd-9ad3-1d328779b126","https://iiif.nypl.org/index.php?id=uuid:510d47d9-7c71-a3d9-e040-e00a18064a99",0,"fedora_ingest_rails"
"97a5e4b8-5e60-11dd-9638-1a328779b126","https://iiif.nypl.org/index.php?id=uuid:510d47d9-7c73-a3d9-e040-e00a18064a99",0,"fedora_ingest_rails"
"a16c9422-5eda-11dd-9577-3ce69956cd08","https://iiif.nypl.org/index.php?id=uuid:510d47d9-7c76-a3d9-e040-e00a18064a99",0,"fedora_ingest_rails"
"de406648-5f58-11dd-9013-e0cc9956cd08","https://iiif.nypl.org/index.php?id=uuid:510d47d9-7c78-a3d9-e040-e00a18064a99",0,"fedora_ingest_rails"
"d90ad4ea-622f-11dd-bcc3-f06d8779b126","https://iiif.nypl.org/index.php?id=uuid:510d47d9-7c79-a3d9-e040-e00a18064a99",0,"fedora_ingest_rails"
"de22113e-5f58-11dd-a769-e6cc9956cd08","https://iiif.nypl.org/index.php?id=uuid:510d47d9-7c7c-a3d9-e040-e00a18064a99",0,"fedora_ingest_rails"
"6b7da118-64b0-11dd-b191-6e538779b126","https://iiif.nypl.org/index.php?id=uuid:510d47d9-7c7b-a3d9-e040-e00a18064a99",0,"fedora_ingest_rails"
"dd48faac-5f58-11dd-9ca2-e9cc9956cd08","https://iiif.nypl.org/index.php?id=uuid:510d47d9-7c7d-a3d9-e040-e00a18064a99",0,"fedora_ingest_rails"
"bea020ac-5d83-11dd-9c1f-3e0e8779b126","https://iiif.nypl.org/index.php?id=uuid:510d47d9-7c7e-a3d9-e040-e00a18064a99",0,"fedora_ingest_rails"
"097a4a80-5e60-11dd-947e-b2ea9956cd08","https://iiif.nypl.org/index.php?id=uuid:510d47d9-7c7f-a3d9-e040-e00a18064a99",0,"fedora_ingest_rails"
"09a70a20-5e60-11dd-9353-b8ea9956cd08","https://iiif.nypl.org/index.php?id=uuid:510d47d9-7c82-a3d9-e040-e00a18064a99",0,"fedora_ingest_rails"
"09e8ae30-5e60-11dd-b200-b5ea9956cd08","https://iiif.nypl.org/index.php?id=uuid:510d47d9-7c81-a3d9-e040-e00a18064a99",0,"fedora_ingest_rails"
"12a9db66-5e60-11dd-b327-bbea9956cd08","https://iiif.nypl.org/index.php?id=uuid:510d47d9-7c83-a3d9-e040-e00a18064a99",0,"fedora_ingest_rails"
"2a02b522-5d83-11dd-9935-edf49956cd08","https://iiif.nypl.org/index.php?id=uuid:510d47d9-7c84-a3d9-e040-e00a18064a99",0,"fedora_ingest_rails"
"108ccc62-5e60-11dd-8be7-beea9956cd08","https://iiif.nypl.org/index.php?id=uuid:510d47d9-7c86-a3d9-e040-e00a18064a99",0,"fedora_ingest_rails"
"29eeac80-5d83-11dd-b9c4-cef49956cd08","https://iiif.nypl.org/index.php?id=uuid:510d47d9-7c88-a3d9-e040-e00a18064a99",0,"fedora_ingest_rails"
"cdcac424-5dc4-11dd-bba3-1e508779b126","https://iiif.nypl.org/index.php?id=uuid:510d47d9-7c87-a3d9-e040-e00a18064a99",0,"fedora_ingest_rails"
"d6d8adba-5dc4-11dd-a17a-64508779b126","https://iiif.nypl.org/index.php?id=uuid:510d47d9-7c87-a3d9-e040-e00a18064a99",0,"fedora_ingest_rails"
"c32f3d74-5d83-11dd-a1e5-3c0e8779b126","https://iiif.nypl.org/index.php?id=uuid:510d47d9-7c89-a3d9-e040-e00a18064a99",0,"fedora_ingest_rails"
"e121dafe-5f58-11dd-8992-eccc9956cd08","https://iiif.nypl.org/index.php?id=uuid:510d47d9-7c8a-a3d9-e040-e00a18064a99",0,"fedora_ingest_rails"
"796496a8-5f59-11dd-a56b-4c028779b126","https://iiif.nypl.org/index.php?id=uuid:510d47d9-7c8a-a3d9-e040-e00a18064a99",0,"fedora_ingest_rails"
"2b99ff26-5d83-11dd-ae04-d3f49956cd08","https://iiif.nypl.org/index.php?id=uuid:510d47d9-7c8b-a3d9-e040-e00a18064a99",0,"fedora_ingest_rails"
"6e01b7aa-5f59-11dd-9f5f-2d028779b126","https://iiif.nypl.org/index.php?id=uuid:510d47d9-7c8c-a3d9-e040-e00a18064a99",0,"fedora_ingest_rails"
"e8698ff0-5f58-11dd-8b0f-04cd9956cd08","https://iiif.nypl.org/index.php?id=uuid:510d47d9-7c8c-a3d9-e040-e00a18064a99",0,"fedora_ingest_rails"
"6ddc9bfa-5f59-11dd-95db-30028779b126","https://iiif.nypl.org/index.php?id=uuid:510d47d9-7c8e-a3d9-e040-e00a18064a99",0,"fedora_ingest_rails"
"2dac28c0-5d83-11dd-809c-d8f49956cd08","https://iiif.nypl.org/index.php?id=uuid:510d47d9-7c8f-a3d9-e040-e00a18064a99",0,"fedora_ingest_rails"
"10b7566c-5e60-11dd-84f8-c1ea9956cd08","https://iiif.nypl.org/index.php?id=uuid:510d47d9-7c91-a3d9-e040-e00a18064a99",0,"fedora_ingest_rails"
"9b26730a-5e60-11dd-bf37-20328779b126","https://iiif.nypl.org/index.php?id=uuid:510d47d9-7c90-a3d9-e040-e00a18064a99",0,"fedora_ingest_rails"
"2e8f1162-5d83-11dd-9ac1-cef49956cd08","https://iiif.nypl.org/index.php?id=uuid:510d47d9-7c93-a3d9-e040-e00a18064a99",0,"fedora_ingest_rails"
"9d90f5c0-5e60-11dd-a170-23328779b126","https://iiif.nypl.org/index.php?id=uuid:510d47d9-7c92-a3d9-e040-e00a18064a99",0,"fedora_ingest_rails"
"2fcc718c-5d83-11dd-b3b3-f0f49956cd08","https://iiif.nypl.org/index.php?id=uuid:510d47d9-7c94-a3d9-e040-e00a18064a99",0,"fedora_ingest_rails"
"316a3e0c-5d83-11dd-8996-edf49956cd08","https://iiif.nypl.org/index.php?id=uuid:510d47d9-7c96-a3d9-e040-e00a18064a99",0,"fedora_ingest_rails"
"2fae905e-5d83-11dd-b6d7-d3f49956cd08","https://iiif.nypl.org/index.php?id=uuid:510d47d9-7c95-a3d9-e040-e00a18064a99",0,"fedora_ingest_rails"
"d274565c-5dc4-11dd-a270-23508779b126","https://iiif.nypl.org/index.php?id=uuid:510d47d9-7c97-a3d9-e040-e00a18064a99",0,"fedora_ingest_rails"
"3189b584-5d83-11dd-a415-d8f49956cd08","https://iiif.nypl.org/index.php?id=uuid:510d47d9-7c99-a3d9-e040-e00a18064a99",0,"fedora_ingest_rails"
"3404d3a2-5d83-11dd-8c66-d3f49956cd08","https://iiif.nypl.org/index.php?id=uuid:510d47d9-7c9a-a3d9-e040-e00a18064a99",0,"fedora_ingest_rails"
"347d3ed2-5d83-11dd-8940-f0f49956cd08","https://iiif.nypl.org/index.php?id=uuid:510d47d9-7c9c-a3d9-e040-e00a18064a99",0,"fedora_ingest_rails"
"3974bab4-5d83-11dd-89d3-d8f49956cd08","https://iiif.nypl.org/index.php?id=uuid:510d47d9-7c9d-a3d9-e040-e00a18064a99",0,"fedora_ingest_rails"
"707f2a08-5f59-11dd-9a08-36028779b126","https://iiif.nypl.org/index.php?id=uuid:510d47d9-7c9e-a3d9-e040-e00a18064a99",0,"fedora_ingest_rails"
"467e44e6-5e7d-11dd-9805-40039a56cd08","https://iiif.nypl.org/index.php?id=uuid:510d47d9-7ca0-a3d9-e040-e00a18064a99",0,"fedora_ingest_rails"
"9f65ff3a-5e60-11dd-a72a-29328779b126","https://iiif.nypl.org/index.php?id=uuid:510d47d9-7ca1-a3d9-e040-e00a18064a99",0,"fedora_ingest_rails"
"190e7c5a-5e60-11dd-936c-c9ea9956cd08","https://iiif.nypl.org/index.php?id=uuid:510d47d9-7ca4-a3d9-e040-e00a18064a99",0,"fedora_ingest_rails"
"a164e2a6-5e60-11dd-bd26-2f328779b126","https://iiif.nypl.org/index.php?id=uuid:510d47d9-7ca3-a3d9-e040-e00a18064a99",0,"fedora_ingest_rails"
"3b393b0e-5d83-11dd-91c1-cef49956cd08","https://iiif.nypl.org/index.php?id=uuid:510d47d9-7ca5-a3d9-e040-e00a18064a99",0,"fedora_ingest_rails"
"d6a4356c-5d83-11dd-9652-3a0e8779b126","https://iiif.nypl.org/index.php?id=uuid:510d47d9-7ca6-a3d9-e040-e00a18064a99",0,"fedora_ingest_rails"
"1ca37e6a-5e60-11dd-936c-ceea9956cd08","https://iiif.nypl.org/index.php?id=uuid:510d47d9-7ca9-a3d9-e040-e00a18064a99",0,"fedora_ingest_rails"
"399b97d8-5d83-11dd-ac74-f0f49956cd08","https://iiif.nypl.org/index.php?id=uuid:510d47d9-7ca7-a3d9-e040-e00a18064a99",0,"fedora_ingest_rails"
"3d9d84fa-5f8a-11dd-8fd1-e3d99956cd08","https://iiif.nypl.org/index.php?id=uuid:510d47d9-7caa-a3d9-e040-e00a18064a99",0,"fedora_ingest_rails"
"a44ad1ce-5e60-11dd-90e9-33328779b126","https://iiif.nypl.org/index.php?id=uuid:510d47d9-7cab-a3d9-e040-e00a18064a99",0,"fedora_ingest_rails"
"21162fde-5dc4-11dd-9e80-b8d99956cd08","https://iiif.nypl.org/index.php?id=uuid:510d47d9-7cb2-a3d9-e040-e00a18064a99",0,"fedora_ingest_rails"
"1d8c4852-5e60-11dd-b230-d2ea9956cd08","https://iiif.nypl.org/index.php?id=uuid:510d47d9-7cb3-a3d9-e040-e00a18064a99",0,"fedora_ingest_rails"
"1b57dd08-5e60-11dd-8331-d7ea9956cd08","https://iiif.nypl.org/index.php?id=uuid:510d47d9-7cb5-a3d9-e040-e00a18064a99",0,"fedora_ingest_rails"
"a3bc6ad8-5e60-11dd-971c-36328779b126","https://iiif.nypl.org/index.php?id=uuid:510d47d9-7cac-a3d9-e040-e00a18064a99",0,"fedora_ingest_rails"
"0e866ce4-608a-11dd-bda4-3e6a8779b126","https://iiif.nypl.org/index.php?id=uuid:510d47d9-7cad-a3d9-e040-e00a18064a99",0,"fedora_ingest_rails"
"0fcd1b02-608a-11dd-8b9a-4e6a8779b126","https://iiif.nypl.org/index.php?id=uuid:510d47d9-7cad-a3d9-e040-e00a18064a99",0,"fedora_ingest_rails"
"728d6e86-5f59-11dd-ae5c-39028779b126","https://iiif.nypl.org/index.php?id=uuid:510d47d9-7cba-a3d9-e040-e00a18064a99",0,"fedora_ingest_rails"
"a8d65bb4-5e60-11dd-bd58-3f328779b126","https://iiif.nypl.org/index.php?id=uuid:510d47d9-7cb8-a3d9-e040-e00a18064a99",0,"fedora_ingest_rails"
"3bd8cfd4-5d83-11dd-8140-edf49956cd08","https://iiif.nypl.org/index.php?id=uuid:510d47d9-7cb7-a3d9-e040-e00a18064a99",0,"fedora_ingest_rails"
"422e0c62-5f1f-11dd-943e-1f578779b126","https://iiif.nypl.org/index.php?id=uuid:510d47d9-7cb6-a3d9-e040-e00a18064a99",0,"fedora_ingest_rails"
"3d6a9648-5d83-11dd-b75f-d3f49956cd08","https://iiif.nypl.org/index.php?id=uuid:510d47d9-7cb9-a3d9-e040-e00a18064a99",0,"fedora_ingest_rails"
"db2a4202-5d83-11dd-8e76-3c0e8779b126","https://iiif.nypl.org/index.php?id=uuid:510d47d9-7cc0-a3d9-e040-e00a18064a99",0,"fedora_ingest_rails"
"3fa32a7e-5d83-11dd-ae6f-f0f49956cd08","https://iiif.nypl.org/index.php?id=uuid:510d47d9-7cbb-a3d9-e040-e00a18064a99",0,"fedora_ingest_rails"
"733610a4-5f59-11dd-ac3e-3d028779b126","https://iiif.nypl.org/index.php?id=uuid:510d47d9-7cbe-a3d9-e040-e00a18064a99",0,"fedora_ingest_rails"
"44bf56cc-5d83-11dd-a448-edf49956cd08","https://iiif.nypl.org/index.php?id=uuid:510d47d9-7cc3-a3d9-e040-e00a18064a99",0,"fedora_ingest_rails"
"e67e5acc-5f58-11dd-a4ff-f8cc9956cd08","https://iiif.nypl.org/index.php?id=uuid:510d47d9-7cbf-a3d9-e040-e00a18064a99",0,"fedora_ingest_rails"
"a9530952-5e60-11dd-9e70-42328779b126","https://iiif.nypl.org/index.php?id=uuid:510d47d9-7cc4-a3d9-e040-e00a18064a99",0,"fedora_ingest_rails"
"aa064cb0-5e60-11dd-bc14-45328779b126","https://iiif.nypl.org/index.php?id=uuid:510d47d9-7cc6-a3d9-e040-e00a18064a99",0,"fedora_ingest_rails"
"e8a0c24a-5f58-11dd-8d8c-fecc9956cd08","https://iiif.nypl.org/index.php?id=uuid:510d47d9-7cc7-a3d9-e040-e00a18064a99",0,"fedora_ingest_rails"
"ac58aaee-5e60-11dd-9ff3-48328779b126","https://iiif.nypl.org/index.php?id=uuid:510d47d9-7cc9-a3d9-e040-e00a18064a99",0,"fedora_ingest_rails"
"cb1364a6-6063-11dd-a8c9-73129a56cd08","https://iiif.nypl.org/index.php?id=uuid:510d47d9-7cc8-a3d9-e040-e00a18064a99",0,"fedora_ingest_rails"
"21350bec-5e60-11dd-ad76-dfea9956cd08","https://iiif.nypl.org/index.php?id=uuid:510d47d9-7cca-a3d9-e040-e00a18064a99",0,"fedora_ingest_rails"
"ada5d534-5e60-11dd-97d9-4b328779b126","https://iiif.nypl.org/index.php?id=uuid:510d47d9-7ccb-a3d9-e040-e00a18064a99",0,"fedora_ingest_rails"
"45938820-5d83-11dd-be6b-cef49956cd08","https://iiif.nypl.org/index.php?id=uuid:510d47d9-7ccd-a3d9-e040-e00a18064a99",0,"fedora_ingest_rails"
"4a84644e-5d83-11dd-aaa7-d3f49956cd08","https://iiif.nypl.org/index.php?id=uuid:510d47d9-7cce-a3d9-e040-e00a18064a99",0,"fedora_ingest_rails"
"b0734774-5e60-11dd-a321-4e328779b126","https://iiif.nypl.org/index.php?id=uuid:510d47d9-7ccf-a3d9-e040-e00a18064a99",0,"fedora_ingest_rails"
"25ea9562-5e60-11dd-8edd-ebea9956cd08","https://iiif.nypl.org/index.php?id=uuid:510d47d9-7cd2-a3d9-e040-e00a18064a99",0,"fedora_ingest_rails"
"74ef9438-5f59-11dd-aa55-46028779b126","https://iiif.nypl.org/index.php?id=uuid:510d47d9-7cd5-a3d9-e040-e00a18064a99",0,"fedora_ingest_rails"
"eb671b0a-5f58-11dd-960a-07cd9956cd08","https://iiif.nypl.org/index.php?id=uuid:510d47d9-7cd6-a3d9-e040-e00a18064a99",0,"fedora_ingest_rails"
"7506860c-5f59-11dd-9a63-40028779b126","https://iiif.nypl.org/index.php?id=uuid:510d47d9-7cd3-a3d9-e040-e00a18064a99",0,"fedora_ingest_rails"
"4c9ebe64-5d83-11dd-93ee-d8f49956cd08","https://iiif.nypl.org/index.php?id=uuid:510d47d9-7cd7-a3d9-e040-e00a18064a99",0,"fedora_ingest_rails"
"4c8d5a98-5d83-11dd-b4ae-f0f49956cd08","https://iiif.nypl.org/index.php?id=uuid:510d47d9-7cd8-a3d9-e040-e00a18064a99",0,"fedora_ingest_rails"
"ede59dc0-5f58-11dd-8619-0dcd9956cd08","https://iiif.nypl.org/index.php?id=uuid:510d47d9-7cdb-a3d9-e040-e00a18064a99",0,"fedora_ingest_rails"
"28068cde-5e60-11dd-a8e0-f5ea9956cd08","https://iiif.nypl.org/index.php?id=uuid:510d47d9-7cdc-a3d9-e040-e00a18064a99",0,"fedora_ingest_rails"
"51bc5e06-5d83-11dd-9a91-f0f49956cd08","https://iiif.nypl.org/index.php?id=uuid:510d47d9-7cde-a3d9-e040-e00a18064a99",0,"fedora_ingest_rails"
"b80d9476-5e60-11dd-a7a8-51328779b126","https://iiif.nypl.org/index.php?id=uuid:510d47d9-7cdf-a3d9-e040-e00a18064a99",0,"fedora_ingest_rails"
"2c57cd66-5e60-11dd-834a-f8ea9956cd08","https://iiif.nypl.org/index.php?id=uuid:510d47d9-7ce0-a3d9-e040-e00a18064a99",0,"fedora_ingest_rails"
"2c765b6e-5e60-11dd-89fd-fbea9956cd08","https://iiif.nypl.org/index.php?id=uuid:510d47d9-7ce1-a3d9-e040-e00a18064a99",0,"fedora_ingest_rails"
"b77bfba6-5e60-11dd-9a99-54328779b126","https://iiif.nypl.org/index.php?id=uuid:510d47d9-7ce2-a3d9-e040-e00a18064a99",0,"fedora_ingest_rails"
"b80d3512-5e60-11dd-804d-58328779b126","https://iiif.nypl.org/index.php?id=uuid:510d47d9-7ce5-a3d9-e040-e00a18064a99",0,"fedora_ingest_rails"
"ed9c96fc-5f58-11dd-9e87-18cd9956cd08","https://iiif.nypl.org/index.php?id=uuid:510d47d9-7ce4-a3d9-e040-e00a18064a99",0,"fedora_ingest_rails"
"2e18dbc2-5e60-11dd-b870-feea9956cd08","https://iiif.nypl.org/index.php?id=uuid:510d47d9-7ce6-a3d9-e040-e00a18064a99",0,"fedora_ingest_rails"
"f0277474-5e8a-11dd-b6f7-0a618779b126","https://iiif.nypl.org/index.php?id=uuid:510d47d9-7ce9-a3d9-e040-e00a18064a99",0,"fedora_ingest_rails"
"2e051196-5e60-11dd-9706-05eb9956cd08","https://iiif.nypl.org/index.php?id=uuid:510d47d9-7ceb-a3d9-e040-e00a18064a99",0,"fedora_ingest_rails"
"537ebcde-5d83-11dd-97ca-d3f49956cd08","https://iiif.nypl.org/index.php?id=uuid:510d47d9-7cec-a3d9-e040-e00a18064a99",0,"fedora_ingest_rails"
"c5694b38-5e60-11dd-859d-6b328779b126","https://iiif.nypl.org/index.php?id=uuid:510d47d9-7cee-a3d9-e040-e00a18064a99",0,"fedora_ingest_rails"
"655f1c3c-5d83-11dd-a832-d3f49956cd08","https://iiif.nypl.org/index.php?id=uuid:510d47d9-7cef-a3d9-e040-e00a18064a99",0,"fedora_ingest_rails"
"3a9b1ae0-5e60-11dd-809b-15eb9956cd08","https://iiif.nypl.org/index.php?id=uuid:510d47d9-7cf0-a3d9-e040-e00a18064a99",0,"fedora_ingest_rails"
"38d56166-5e60-11dd-897c-17eb9956cd08","https://iiif.nypl.org/index.php?id=uuid:510d47d9-7cf1-a3d9-e040-e00a18064a99",0,"fedora_ingest_rails"
"6604376c-5d83-11dd-8f99-cef49956cd08","https://iiif.nypl.org/index.php?id=uuid:510d47d9-7cf3-a3d9-e040-e00a18064a99",0,"fedora_ingest_rails"
"6722dc66-5d83-11dd-be94-edf49956cd08","https://iiif.nypl.org/index.php?id=uuid:510d47d9-7cf4-a3d9-e040-e00a18064a99",0,"fedora_ingest_rails"
"6830cc8a-5d83-11dd-a7bb-d8f49956cd08","https://iiif.nypl.org/index.php?id=uuid:510d47d9-7cf5-a3d9-e040-e00a18064a99",0,"fedora_ingest_rails"
"69af7b06-5d83-11dd-a470-d3f49956cd08","https://iiif.nypl.org/index.php?id=uuid:510d47d9-7cf7-a3d9-e040-e00a18064a99",0,"fedora_ingest_rails"
"a0173668-5f20-11dd-ad63-945a8779b126","https://iiif.nypl.org/index.php?id=uuid:510d47d9-7cf6-a3d9-e040-e00a18064a99",0,"fedora_ingest_rails"
"6e36e93e-5d83-11dd-b242-cef49956cd08","https://iiif.nypl.org/index.php?id=uuid:510d47d9-7cf8-a3d9-e040-e00a18064a99",0,"fedora_ingest_rails"
"06c0e42a-4735-11de-aa04-7df59956cd08","https://iiif.nypl.org/index.php?id=uuid:510d47d9-7cf9-a3d9-e040-e00a18064a99",0,"fedora_ingest_rails"
"f54b668a-5f58-11dd-81f1-1ccd9956cd08","https://iiif.nypl.org/index.php?id=uuid:510d47d9-7cfa-a3d9-e040-e00a18064a99",0,"fedora_ingest_rails"
"8d471a7e-5f59-11dd-a631-7d028779b126","https://iiif.nypl.org/index.php?id=uuid:510d47d9-7cfa-a3d9-e040-e00a18064a99",0,"fedora_ingest_rails"
"6f263fac-5d83-11dd-822c-f0f49956cd08","https://iiif.nypl.org/index.php?id=uuid:510d47d9-7cfe-a3d9-e040-e00a18064a99",0,"fedora_ingest_rails"
"e8174208-5dc4-11dd-b556-26508779b126","https://iiif.nypl.org/index.php?id=uuid:510d47d9-7cfc-a3d9-e040-e00a18064a99",0,"fedora_ingest_rails"
"6f61441c-5d83-11dd-b376-d3f49956cd08","https://iiif.nypl.org/index.php?id=uuid:510d47d9-7cff-a3d9-e040-e00a18064a99",0,"fedora_ingest_rails"
"412af1f8-64a7-11dd-93af-4c1c8779b126","https://iiif.nypl.org/index.php?id=uuid:510d47d9-7d01-a3d9-e040-e00a18064a99",0,"fedora_ingest_rails"
"c3c42f96-5e60-11dd-bc12-71328779b126","https://iiif.nypl.org/index.php?id=uuid:510d47d9-7d02-a3d9-e040-e00a18064a99",0,"fedora_ingest_rails"
"031fff68-5d84-11dd-90d7-3c0e8779b126","https://iiif.nypl.org/index.php?id=uuid:510d47d9-7d04-a3d9-e040-e00a18064a99",0,"fedora_ingest_rails"
"3e19879c-5e60-11dd-bd16-1deb9956cd08","https://iiif.nypl.org/index.php?id=uuid:510d47d9-7d03-a3d9-e040-e00a18064a99",0,"fedora_ingest_rails"
"712632c6-5d83-11dd-a0c0-edf49956cd08","https://iiif.nypl.org/index.php?id=uuid:510d47d9-7d06-a3d9-e040-e00a18064a99",0,"fedora_ingest_rails"
"1590f566-5f6a-11dd-9bc4-599e9956cd08","https://iiif.nypl.org/index.php?id=uuid:510d47d9-7d07-a3d9-e040-e00a18064a99",0,"fedora_ingest_rails"
"1880d2b4-5f6a-11dd-9247-709e9956cd08","https://iiif.nypl.org/index.php?id=uuid:510d47d9-7d07-a3d9-e040-e00a18064a99",0,"fedora_ingest_rails"
"72d474e8-5d83-11dd-97ee-cef49956cd08","https://iiif.nypl.org/index.php?id=uuid:510d47d9-7d08-a3d9-e040-e00a18064a99",0,"fedora_ingest_rails"
"75760568-5d83-11dd-9fe8-f0f49956cd08","https://iiif.nypl.org/index.php?id=uuid:510d47d9-7d09-a3d9-e040-e00a18064a99",0,"fedora_ingest_rails"
"3e61ea9a-5f1f-11dd-a1df-21578779b126","https://iiif.nypl.org/index.php?id=uuid:510d47d9-7d0a-a3d9-e040-e00a18064a99",0,"fedora_ingest_rails"
"c57cc3c0-5e60-11dd-9d00-74328779b126","https://iiif.nypl.org/index.php?id=uuid:510d47d9-7d0b-a3d9-e040-e00a18064a99",0,"fedora_ingest_rails"
"ca34b0a8-5e60-11dd-abf2-7a328779b126","https://iiif.nypl.org/index.php?id=uuid:510d47d9-7d0d-a3d9-e040-e00a18064a99",0,"fedora_ingest_rails"
"8176fcb4-5f59-11dd-a185-53028779b126","https://iiif.nypl.org/index.php?id=uuid:510d47d9-7d0e-a3d9-e040-e00a18064a99",0,"fedora_ingest_rails"
"3f4d5abc-5e60-11dd-b734-21eb9956cd08","https://iiif.nypl.org/index.php?id=uuid:510d47d9-7d0d-a3d9-e040-e00a18064a99",0,"fedora_ingest_rails"
"75723848-5d83-11dd-aaf4-d8f49956cd08","https://iiif.nypl.org/index.php?id=uuid:510d47d9-7d0f-a3d9-e040-e00a18064a99",0,"fedora_ingest_rails"
"409980d0-5e60-11dd-9a99-28eb9956cd08","https://iiif.nypl.org/index.php?id=uuid:510d47d9-7d11-a3d9-e040-e00a18064a99",0,"fedora_ingest_rails"
"41060818-5e60-11dd-a582-24eb9956cd08","https://iiif.nypl.org/index.php?id=uuid:510d47d9-7d10-a3d9-e040-e00a18064a99",0,"fedora_ingest_rails"
"77c4d1dc-5d83-11dd-9edc-d3f49956cd08","https://iiif.nypl.org/index.php?id=uuid:510d47d9-7d14-a3d9-e040-e00a18064a99",0,"fedora_ingest_rails"
"153563a0-5d84-11dd-900e-3e0e8779b126","https://iiif.nypl.org/index.php?id=uuid:510d47d9-7d13-a3d9-e040-e00a18064a99",0,"fedora_ingest_rails"
"42f08f40-5e60-11dd-84bf-2aeb9956cd08","https://iiif.nypl.org/index.php?id=uuid:510d47d9-7d15-a3d9-e040-e00a18064a99",0,"fedora_ingest_rails"
"93c35aa4-5eda-11dd-9bde-a31f8779b126","https://iiif.nypl.org/index.php?id=uuid:510d47d9-7d17-a3d9-e040-e00a18064a99",0,"fedora_ingest_rails"
"cc77b7e8-5e60-11dd-923d-7d328779b126","https://iiif.nypl.org/index.php?id=uuid:510d47d9-7d16-a3d9-e040-e00a18064a99",0,"fedora_ingest_rails"
"41a9582e-5e60-11dd-8a93-2deb9956cd08","https://iiif.nypl.org/index.php?id=uuid:510d47d9-7d18-a3d9-e040-e00a18064a99",0,"fedora_ingest_rails"
"f2cf8864-5f58-11dd-aad5-21cd9956cd08","https://iiif.nypl.org/index.php?id=uuid:510d47d9-7d19-a3d9-e040-e00a18064a99",0,"fedora_ingest_rails"
"45c8beae-5e60-11dd-9a12-31eb9956cd08","https://iiif.nypl.org/index.php?id=uuid:510d47d9-7d1a-a3d9-e040-e00a18064a99",0,"fedora_ingest_rails"
"7a5ddd3a-5d83-11dd-93df-d8f49956cd08","https://iiif.nypl.org/index.php?id=uuid:510d47d9-7d1c-a3d9-e040-e00a18064a99",0,"fedora_ingest_rails"
"7a70f794-5d83-11dd-ae17-f0f49956cd08","https://iiif.nypl.org/index.php?id=uuid:510d47d9-7d1d-a3d9-e040-e00a18064a99",0,"fedora_ingest_rails"
"29b35ff6-6051-11dd-972f-bb428779b126","https://iiif.nypl.org/index.php?id=uuid:510d47d9-7d1e-a3d9-e040-e00a18064a99",0,"fedora_ingest_rails"
"49d1fbe6-5e60-11dd-9c84-35eb9956cd08","https://iiif.nypl.org/index.php?id=uuid:510d47d9-7d21-a3d9-e040-e00a18064a99",0,"fedora_ingest_rails"
"d67cf370-5e60-11dd-b631-88328779b126","https://iiif.nypl.org/index.php?id=uuid:510d47d9-7d23-a3d9-e040-e00a18064a99",0,"fedora_ingest_rails"
"4aeb0734-5e60-11dd-a05f-3beb9956cd08","https://iiif.nypl.org/index.php?id=uuid:510d47d9-7d24-a3d9-e040-e00a18064a99",0,"fedora_ingest_rails"
"d8bc3c68-5e60-11dd-be0e-8d328779b126","https://iiif.nypl.org/index.php?id=uuid:510d47d9-7d27-a3d9-e040-e00a18064a99",0,"fedora_ingest_rails"
"d94bddfa-5e60-11dd-a772-90328779b126","https://iiif.nypl.org/index.php?id=uuid:510d47d9-7d29-a3d9-e040-e00a18064a99",0,"fedora_ingest_rails"
"80d65f70-5d83-11dd-963e-d3f49956cd08","https://iiif.nypl.org/index.php?id=uuid:510d47d9-7d2a-a3d9-e040-e00a18064a99",0,"fedora_ingest_rails"
"dab00a18-5e60-11dd-94a7-93328779b126","https://iiif.nypl.org/index.php?id=uuid:510d47d9-7d2b-a3d9-e040-e00a18064a99",0,"fedora_ingest_rails"
"f3da8150-5f58-11dd-8ea5-28cd9956cd08","https://iiif.nypl.org/index.php?id=uuid:510d47d9-7d2c-a3d9-e040-e00a18064a99",0,"fedora_ingest_rails"
"7fb7cf34-5f59-11dd-a1c7-5b028779b126","https://iiif.nypl.org/index.php?id=uuid:510d47d9-7d2f-a3d9-e040-e00a18064a99",0,"fedora_ingest_rails"
"838557ee-5d83-11dd-983f-d8f49956cd08","https://iiif.nypl.org/index.php?id=uuid:510d47d9-7d32-a3d9-e040-e00a18064a99",0,"fedora_ingest_rails"
"842e9e26-5f59-11dd-b23b-61028779b126","https://iiif.nypl.org/index.php?id=uuid:510d47d9-7d30-a3d9-e040-e00a18064a99",0,"fedora_ingest_rails"
"4e4c1468-5e60-11dd-ab1f-44eb9956cd08","https://iiif.nypl.org/index.php?id=uuid:510d47d9-7d33-a3d9-e040-e00a18064a99",0,"fedora_ingest_rails"
"4fb0b4d0-5e60-11dd-9e0b-47eb9956cd08","https://iiif.nypl.org/index.php?id=uuid:510d47d9-7d34-a3d9-e040-e00a18064a99",0,"fedora_ingest_rails"
"e27bd1c8-5e60-11dd-9560-a6328779b126","https://iiif.nypl.org/index.php?id=uuid:510d47d9-7d34-a3d9-e040-e00a18064a99",0,"fedora_ingest_rails"
"51af9da0-5e60-11dd-94a8-4aeb9956cd08","https://iiif.nypl.org/index.php?id=uuid:510d47d9-7d35-a3d9-e040-e00a18064a99",0,"fedora_ingest_rails"
"f5e2e1e0-5f58-11dd-bd05-2ecd9956cd08","https://iiif.nypl.org/index.php?id=uuid:510d47d9-7d38-a3d9-e040-e00a18064a99",0,"fedora_ingest_rails"
"8149e3dc-5f59-11dd-ac72-64028779b126","https://iiif.nypl.org/index.php?id=uuid:510d47d9-7d36-a3d9-e040-e00a18064a99",0,"fedora_ingest_rails"
"23180a3c-5dc4-11dd-8123-bcd99956cd08","https://iiif.nypl.org/index.php?id=uuid:510d47d9-7d39-a3d9-e040-e00a18064a99",0,"fedora_ingest_rails"
"51f87660-5e60-11dd-917d-4deb9956cd08","https://iiif.nypl.org/index.php?id=uuid:510d47d9-7d3a-a3d9-e040-e00a18064a99",0,"fedora_ingest_rails"
"83a233f0-5d83-11dd-9b65-edf49956cd08","https://iiif.nypl.org/index.php?id=uuid:510d47d9-7d3b-a3d9-e040-e00a18064a99",0,"fedora_ingest_rails"
"849c8670-5d83-11dd-95f6-f0f49956cd08","https://iiif.nypl.org/index.php?id=uuid:510d47d9-7d3c-a3d9-e040-e00a18064a99",0,"fedora_ingest_rails"
"87e5be1e-5d83-11dd-8fdf-cef49956cd08","https://iiif.nypl.org/index.php?id=uuid:510d47d9-7d3d-a3d9-e040-e00a18064a99",0,"fedora_ingest_rails"
"89ca9740-5d83-11dd-a950-d3f49956cd08","https://iiif.nypl.org/index.php?id=uuid:510d47d9-7d3f-a3d9-e040-e00a18064a99",0,"fedora_ingest_rails"
"89b5b780-5d83-11dd-9934-edf49956cd08","https://iiif.nypl.org/index.php?id=uuid:510d47d9-7d40-a3d9-e040-e00a18064a99",0,"fedora_ingest_rails"
"89fb485e-5d83-11dd-9293-f0f49956cd08","https://iiif.nypl.org/index.php?id=uuid:510d47d9-7d41-a3d9-e040-e00a18064a99",0,"fedora_ingest_rails"
"239c1e4e-5dc4-11dd-b694-bed99956cd08","https://iiif.nypl.org/index.php?id=uuid:510d47d9-7d42-a3d9-e040-e00a18064a99",0,"fedora_ingest_rails"
"8d437d88-5d83-11dd-850b-cef49956cd08","https://iiif.nypl.org/index.php?id=uuid:510d47d9-7d43-a3d9-e040-e00a18064a99",0,"fedora_ingest_rails"
"e051b9a8-5e60-11dd-934b-99328779b126","https://iiif.nypl.org/index.php?id=uuid:510d47d9-7d44-a3d9-e040-e00a18064a99",0,"fedora_ingest_rails"
"9114804c-5d83-11dd-b45e-d3f49956cd08","https://iiif.nypl.org/index.php?id=uuid:510d47d9-7d48-a3d9-e040-e00a18064a99",0,"fedora_ingest_rails"
"b1f9c6b8-5f1e-11dd-b4d3-f2f79956cd08","https://iiif.nypl.org/index.php?id=uuid:510d47d9-7d49-a3d9-e040-e00a18064a99",0,"fedora_ingest_rails"
"e323623a-5e60-11dd-b8b9-9c328779b126","https://iiif.nypl.org/index.php?id=uuid:510d47d9-7d4a-a3d9-e040-e00a18064a99",0,"fedora_ingest_rails"
"4379c462-5f1f-11dd-a498-24578779b126","https://iiif.nypl.org/index.php?id=uuid:510d47d9-7d4c-a3d9-e040-e00a18064a99",0,"fedora_ingest_rails"
"92b56dda-5d83-11dd-997a-f0f49956cd08","https://iiif.nypl.org/index.php?id=uuid:510d47d9-7d4d-a3d9-e040-e00a18064a99",0,"fedora_ingest_rails"
"9457cc96-5d83-11dd-9329-cef49956cd08","https://iiif.nypl.org/index.php?id=uuid:510d47d9-7d4e-a3d9-e040-e00a18064a99",0,"fedora_ingest_rails"
"e4f45092-5e60-11dd-8590-a9328779b126","https://iiif.nypl.org/index.php?id=uuid:510d47d9-7d57-a3d9-e040-e00a18064a99",0,"fedora_ingest_rails"
"958330b0-5d83-11dd-96dd-d3f49956cd08","https://iiif.nypl.org/index.php?id=uuid:510d47d9-7d58-a3d9-e040-e00a18064a99",0,"fedora_ingest_rails"
"e7023516-5e60-11dd-a6d5-ac328779b126","https://iiif.nypl.org/index.php?id=uuid:510d47d9-7d59-a3d9-e040-e00a18064a99",0,"fedora_ingest_rails"
"9951203a-5d83-11dd-a25a-d8f49956cd08","https://iiif.nypl.org/index.php?id=uuid:510d47d9-7d5a-a3d9-e040-e00a18064a99",0,"fedora_ingest_rails"
"35eec1d6-5d84-11dd-868e-3e0e8779b126","https://iiif.nypl.org/index.php?id=uuid:510d47d9-7d5b-a3d9-e040-e00a18064a99",0,"fedora_ingest_rails"
"5ae96dd8-5e60-11dd-96ab-5deb9956cd08","https://iiif.nypl.org/index.php?id=uuid:510d47d9-7d5c-a3d9-e040-e00a18064a99",0,"fedora_ingest_rails"
"9c8f05d2-5d83-11dd-a23c-f0f49956cd08","https://iiif.nypl.org/index.php?id=uuid:510d47d9-7d5d-a3d9-e040-e00a18064a99",0,"fedora_ingest_rails"
"60618d9a-5e60-11dd-8875-64eb9956cd08","https://iiif.nypl.org/index.php?id=uuid:510d47d9-7d63-a3d9-e040-e00a18064a99",0,"fedora_ingest_rails"
"9c1f98aa-5d83-11dd-9ef2-d3f49956cd08","https://iiif.nypl.org/index.php?id=uuid:510d47d9-7d66-a3d9-e040-e00a18064a99",0,"fedora_ingest_rails"
"ed3a62fa-5e60-11dd-bcf5-b3328779b126","https://iiif.nypl.org/index.php?id=uuid:510d47d9-7d67-a3d9-e040-e00a18064a99",0,"fedora_ingest_rails"
"61496822-5e60-11dd-aa21-6aeb9956cd08","https://iiif.nypl.org/index.php?id=uuid:510d47d9-7d69-a3d9-e040-e00a18064a99",0,"fedora_ingest_rails"
"32cf1384-5d84-11dd-9939-3a0e8779b126","https://iiif.nypl.org/index.php?id=uuid:510d47d9-7d6b-a3d9-e040-e00a18064a99",0,"fedora_ingest_rails"
"9da2eed4-5d83-11dd-8de7-edf49956cd08","https://iiif.nypl.org/index.php?id=uuid:510d47d9-7d6d-a3d9-e040-e00a18064a99",0,"fedora_ingest_rails"
"64e701b0-5e60-11dd-8a3a-6deb9956cd08","https://iiif.nypl.org/index.php?id=uuid:510d47d9-7d6f-a3d9-e040-e00a18064a99",0,"fedora_ingest_rails"
"9fdd10a8-5d83-11dd-bcad-d8f49956cd08","https://iiif.nypl.org/index.php?id=uuid:510d47d9-7d70-a3d9-e040-e00a18064a99",0,"fedora_ingest_rails"
"ee66cb78-5e60-11dd-b1ae-b5328779b126","https://iiif.nypl.org/index.php?id=uuid:510d47d9-7d71-a3d9-e040-e00a18064a99",0,"fedora_ingest_rails"
"5c9cddfc-387e-44a3-af06-d985392b020d","https://iiif.nypl.org/index.php?id=uuid:510d47d9-7d72-a3d9-e040-e00a18064a99",0,"fedora_ingest_rails"
"ec41674a-5e60-11dd-b803-b9328779b126","https://iiif.nypl.org/index.php?id=uuid:510d47d9-7d73-a3d9-e040-e00a18064a99",0,"fedora_ingest_rails"
"a69852fe-5d83-11dd-bf56-edf49956cd08","https://iiif.nypl.org/index.php?id=uuid:510d47d9-7d75-a3d9-e040-e00a18064a99",0,"fedora_ingest_rails"
"a59ea100-5d83-11dd-a708-d8f49956cd08","https://iiif.nypl.org/index.php?id=uuid:510d47d9-7d76-a3d9-e040-e00a18064a99",0,"fedora_ingest_rails"
"f52bfeba-5e60-11dd-868e-c2328779b126","https://iiif.nypl.org/index.php?id=uuid:510d47d9-7d7a-a3d9-e040-e00a18064a99",0,"fedora_ingest_rails"
"628e0260-5e60-11dd-ac35-71eb9956cd08","https://iiif.nypl.org/index.php?id=uuid:510d47d9-7d7b-a3d9-e040-e00a18064a99",0,"fedora_ingest_rails"
"4d0e14f2-5d84-11dd-a677-3c0e8779b126","https://iiif.nypl.org/index.php?id=uuid:510d47d9-7d84-a3d9-e040-e00a18064a99",0,"fedora_ingest_rails"
"cc17e840-6063-11dd-8121-76129a56cd08","https://iiif.nypl.org/index.php?id=uuid:510d47d9-7d82-a3d9-e040-e00a18064a99",0,"fedora_ingest_rails"
"a81978e2-5d83-11dd-96ea-f0f49956cd08","https://iiif.nypl.org/index.php?id=uuid:510d47d9-7d81-a3d9-e040-e00a18064a99",0,"fedora_ingest_rails"
"ac77fa44-5d83-11dd-8afd-d8f49956cd08","https://iiif.nypl.org/index.php?id=uuid:510d47d9-7d85-a3d9-e040-e00a18064a99",0,"fedora_ingest_rails"
"4d331b1c-622f-11dd-8f8b-f10f9a56cd08","https://iiif.nypl.org/index.php?id=uuid:510d47d9-7d86-a3d9-e040-e00a18064a99",0,"fedora_ingest_rails"
"6d629d2c-5e60-11dd-8a78-8aeb9956cd08","https://iiif.nypl.org/index.php?id=uuid:510d47d9-7d89-a3d9-e040-e00a18064a99",0,"fedora_ingest_rails"
"ad841058-5d83-11dd-9dfe-cef49956cd08","https://iiif.nypl.org/index.php?id=uuid:510d47d9-7d8f-a3d9-e040-e00a18064a99",0,"fedora_ingest_rails"
"d2333e0a-6063-11dd-8ec4-88129a56cd08","https://iiif.nypl.org/index.php?id=uuid:510d47d9-7d8d-a3d9-e040-e00a18064a99",0,"fedora_ingest_rails"
"ac2f4af6-5d83-11dd-b773-f0f49956cd08","https://iiif.nypl.org/index.php?id=uuid:510d47d9-7d93-a3d9-e040-e00a18064a99",0,"fedora_ingest_rails"
"ae646d88-5d83-11dd-b54a-edf49956cd08","https://iiif.nypl.org/index.php?id=uuid:510d47d9-7d95-a3d9-e040-e00a18064a99",0,"fedora_ingest_rails"
"9729c9f6-5edc-11dd-b5ec-89f09956cd08","https://iiif.nypl.org/index.php?id=uuid:510d47d9-7d98-a3d9-e040-e00a18064a99",0,"fedora_ingest_rails"
"768c017c-5e60-11dd-a64a-99eb9956cd08","https://iiif.nypl.org/index.php?id=uuid:510d47d9-7d9a-a3d9-e040-e00a18064a99",0,"fedora_ingest_rails"
"ff4b2b96-5e60-11dd-8360-d3328779b126","https://iiif.nypl.org/index.php?id=uuid:510d47d9-7d9c-a3d9-e040-e00a18064a99",0,"fedora_ingest_rails"
"d41f05b4-6063-11dd-a079-8f129a56cd08","https://iiif.nypl.org/index.php?id=uuid:510d47d9-7d9d-a3d9-e040-e00a18064a99",0,"fedora_ingest_rails"
"ff674ede-5e60-11dd-b467-d5328779b126","https://iiif.nypl.org/index.php?id=uuid:510d47d9-7d9e-a3d9-e040-e00a18064a99",0,"fedora_ingest_rails"
"04a5e95a-5e61-11dd-94b0-d8328779b126","https://iiif.nypl.org/index.php?id=uuid:510d47d9-7da1-a3d9-e040-e00a18064a99",0,"fedora_ingest_rails"
"76f779fc-5e60-11dd-a6a9-9deb9956cd08","https://iiif.nypl.org/index.php?id=uuid:510d47d9-7da3-a3d9-e040-e00a18064a99",0,"fedora_ingest_rails"
"79bb0136-5e60-11dd-8b9c-a0eb9956cd08","https://iiif.nypl.org/index.php?id=uuid:510d47d9-7da7-a3d9-e040-e00a18064a99",0,"fedora_ingest_rails"
"d61ff878-6063-11dd-be46-92129a56cd08","https://iiif.nypl.org/index.php?id=uuid:510d47d9-7da4-a3d9-e040-e00a18064a99",0,"fedora_ingest_rails"
"8486cb8c-5f59-11dd-9578-6a028779b126","https://iiif.nypl.org/index.php?id=uuid:510d47d9-7da8-a3d9-e040-e00a18064a99",0,"fedora_ingest_rails"
"845746a0-5f59-11dd-9473-6d028779b126","https://iiif.nypl.org/index.php?id=uuid:510d47d9-7daa-a3d9-e040-e00a18064a99",0,"fedora_ingest_rails"
"b40e39bc-5d83-11dd-9ae2-d8f49956cd08","https://iiif.nypl.org/index.php?id=uuid:510d47d9-7da9-a3d9-e040-e00a18064a99",0,"fedora_ingest_rails"
"458e4c1a-5d84-11dd-849f-3a0e8779b126","https://iiif.nypl.org/index.php?id=uuid:510d47d9-7dab-a3d9-e040-e00a18064a99",0,"fedora_ingest_rails"
"06ac89fc-5e61-11dd-82f1-db328779b126","https://iiif.nypl.org/index.php?id=uuid:510d47d9-7dae-a3d9-e040-e00a18064a99",0,"fedora_ingest_rails"
"d5de30b4-6063-11dd-850d-95129a56cd08","https://iiif.nypl.org/index.php?id=uuid:510d47d9-7db0-a3d9-e040-e00a18064a99",0,"fedora_ingest_rails"
"078ab9de-5e61-11dd-8573-de328779b126","https://iiif.nypl.org/index.php?id=uuid:510d47d9-7db1-a3d9-e040-e00a18064a99",0,"fedora_ingest_rails"
"7ad76a0a-5e60-11dd-9f9f-a6eb9956cd08","https://iiif.nypl.org/index.php?id=uuid:510d47d9-7db2-a3d9-e040-e00a18064a99",0,"fedora_ingest_rails"
"7f47b360-5e60-11dd-91f0-a9eb9956cd08","https://iiif.nypl.org/index.php?id=uuid:510d47d9-7db3-a3d9-e040-e00a18064a99",0,"fedora_ingest_rails"
"b7490d32-5d83-11dd-a250-f0f49956cd08","https://iiif.nypl.org/index.php?id=uuid:510d47d9-7db4-a3d9-e040-e00a18064a99",0,"fedora_ingest_rails"
"08c79f92-5e61-11dd-b2f1-e1328779b126","https://iiif.nypl.org/index.php?id=uuid:510d47d9-7db5-a3d9-e040-e00a18064a99",0,"fedora_ingest_rails"
"a0791210-5d82-11dd-afea-d3f49956cd08","https://iiif.nypl.org/index.php?id=uuid:510d47d9-7db7-a3d9-e040-e00a18064a99",0,"fedora_ingest_rails"
"9baae2e4-5e5f-11dd-a2de-c8e99956cd08","https://iiif.nypl.org/index.php?id=uuid:510d47d9-7db8-a3d9-e040-e00a18064a99",0,"fedora_ingest_rails"
"a32f7fa2-5e5f-11dd-aa93-cbe99956cd08","https://iiif.nypl.org/index.php?id=uuid:510d47d9-7db9-a3d9-e040-e00a18064a99",0,"fedora_ingest_rails"
"4bbac59a-5f56-11dd-8a2a-7a6f8779b126","https://iiif.nypl.org/index.php?id=uuid:510d47d9-7dba-a3d9-e040-e00a18064a99",0,"fedora_ingest_rails"
"c0f59cbe-5f55-11dd-b2b4-a7b99956cd08","https://iiif.nypl.org/index.php?id=uuid:510d47d9-7dbc-a3d9-e040-e00a18064a99",0,"fedora_ingest_rails"
"536bd87e-5f56-11dd-969c-9d6f8779b126","https://iiif.nypl.org/index.php?id=uuid:510d47d9-7dbc-a3d9-e040-e00a18064a99",0,"fedora_ingest_rails"
"d0ae4a1c-5d97-11dd-9091-5ef79956cd08","https://iiif.nypl.org/index.php?id=uuid:510d47d9-7dbe-a3d9-e040-e00a18064a99",0,"fedora_ingest_rails"
"395adfb8-5d83-11dd-a485-3a0e8779b126","https://iiif.nypl.org/index.php?id=uuid:510d47d9-7dc0-a3d9-e040-e00a18064a99",0,"fedora_ingest_rails"
"49b322b6-622f-11dd-8ede-e70f9a56cd08","https://iiif.nypl.org/index.php?id=uuid:510d47d9-7dc1-a3d9-e040-e00a18064a99",0,"fedora_ingest_rails"
"2b81cb26-5e60-11dd-b9cb-6a318779b126","https://iiif.nypl.org/index.php?id=uuid:510d47d9-7dc4-a3d9-e040-e00a18064a99",0,"fedora_ingest_rails"
"2c7529d8-5e60-11dd-a6b4-6d318779b126","https://iiif.nypl.org/index.php?id=uuid:510d47d9-7dc7-a3d9-e040-e00a18064a99",0,"fedora_ingest_rails"
"c34d8558-5f55-11dd-b3bb-aab99956cd08","https://iiif.nypl.org/index.php?id=uuid:510d47d9-7dc8-a3d9-e040-e00a18064a99",0,"fedora_ingest_rails"
"a3308ba4-5e5f-11dd-a872-d3e99956cd08","https://iiif.nypl.org/index.php?id=uuid:510d47d9-7dc9-a3d9-e040-e00a18064a99",0,"fedora_ingest_rails"
"4b633910-5f56-11dd-9fc9-806f8779b126","https://iiif.nypl.org/index.php?id=uuid:510d47d9-7dcb-a3d9-e040-e00a18064a99",0,"fedora_ingest_rails"
"d83694f0-622f-11dd-b8bd-ea6d8779b126","https://iiif.nypl.org/index.php?id=uuid:510d47d9-7dcc-a3d9-e040-e00a18064a99",0,"fedora_ingest_rails"
"a2efc86c-5e5f-11dd-bcec-d6e99956cd08","https://iiif.nypl.org/index.php?id=uuid:510d47d9-7dcd-a3d9-e040-e00a18064a99",0,"fedora_ingest_rails"
"5c6915c2-6064-11dd-a14e-74f48679b126","https://iiif.nypl.org/index.php?id=uuid:510d47d9-7dce-a3d9-e040-e00a18064a99",0,"fedora_ingest_rails"
"d722790e-5e7d-11dd-b315-81278779b126","https://iiif.nypl.org/index.php?id=uuid:510d47d9-7dd1-a3d9-e040-e00a18064a99",0,"fedora_ingest_rails"
"c2887a6a-5f55-11dd-919e-b3b99956cd08","https://iiif.nypl.org/index.php?id=uuid:510d47d9-7dd3-a3d9-e040-e00a18064a99",0,"fedora_ingest_rails"
"b6709672-5f1e-11dd-98be-f5f79956cd08","https://iiif.nypl.org/index.php?id=uuid:510d47d9-7dd4-a3d9-e040-e00a18064a99",0,"fedora_ingest_rails"
"e557439c-5d83-11dd-aea7-edf49956cd08","https://iiif.nypl.org/index.php?id=uuid:510d47d9-7dd5-a3d9-e040-e00a18064a99",0,"fedora_ingest_rails"
"e3e941cc-5d83-11dd-9ebe-d8f49956cd08","https://iiif.nypl.org/index.php?id=uuid:510d47d9-7dd7-a3d9-e040-e00a18064a99",0,"fedora_ingest_rails"
"b307223e-5050-11de-a35c-00c29956cd08","https://iiif.nypl.org/index.php?id=uuid:510d47d9-7dd9-a3d9-e040-e00a18064a99",0,"fedora_ingest_rails"
"2dc143d8-2345-11e0-ad17-6d0e9a56cd08","https://iiif.nypl.org/index.php?id=uuid:510d47df-efde-a3d9-e040-e00a18064a99",0,"fedora_ingest_rails"
"d6870ee6-5fc8-11dd-bc94-78a09956cd08","https://iiif.nypl.org/index.php?id=uuid:510d47e0-8793-a3d9-e040-e00a18064a99",0,"fedora_ingest_rails"
"62298974-5fc9-11dd-bcba-882d8779b126","https://iiif.nypl.org/index.php?id=uuid:510d47e0-8792-a3d9-e040-e00a18064a99",0,"fedora_ingest_rails"
"62b0d95d-367c-4ddf-9144-e02229c75f4e","https://iiif.nypl.org/index.php?id=uuid:52a4ab50-c86b-0139-9052-0242ac110004",0,"fedora_ingest_rails"
"84dfc405-748e-4bcb-88d1-c31dd1eebb4d","https://iiif.nypl.org/index.php?id=uuid:52b47380-c86b-0139-bf58-0242ac110004",0,"fedora_ingest_rails"
"145c55cc-b3df-4596-abde-952fe7a7bda6","https://iiif.nypl.org/index.php?id=uuid:52c45020-c86b-0139-9cfa-0242ac110004",0,"fedora_ingest_rails"
"ecf15c44-e91a-4864-a265-d265f46bbd69","https://iiif.nypl.org/index.php?id=uuid:52d40110-c86b-0139-09b7-0242ac110004",0,"fedora_ingest_rails"
"5674050c-d114-4984-a86a-8fb2e74f27ac","https://iiif.nypl.org/index.php?id=uuid:597c4420-c86c-0139-53b3-0242ac110003",0,"fedora_ingest_rails"
"080e882a-f67b-4a6b-95f0-fdac3104ab0d","https://iiif.nypl.org/index.php?id=uuid:598c2cb0-c86c-0139-c53c-0242ac110003",0,"fedora_ingest_rails"
"b6e07b83-b2c1-4b76-94b0-846132f74166","https://iiif.nypl.org/index.php?id=uuid:599c2ff0-c86c-0139-818c-0242ac110003",0,"fedora_ingest_rails"
"320098f0-ba9e-449b-916d-09d503bb61e1","https://iiif.nypl.org/index.php?id=uuid:59ac1ad0-c86c-0139-22e8-0242ac110003",0,"fedora_ingest_rails"
"f38b1e59-f2ec-46f1-82a9-fa62d86aaa40","https://iiif.nypl.org/index.php?id=uuid:614caaf0-c869-0139-3319-0242ac110004",0,"fedora_ingest_rails"
"562d65bf-1a0f-4635-94c0-0f65d7bcf4ef","https://iiif.nypl.org/index.php?id=uuid:615d4e50-c869-0139-52cd-0242ac110004",0,"fedora_ingest_rails"
"23d40ad7-3a65-444b-b21a-afdd94b7f247","https://iiif.nypl.org/index.php?id=uuid:616ce700-c869-0139-469d-0242ac110004",0,"fedora_ingest_rails"
"2d07b59d-987e-418c-af92-049ce505ef9c","https://iiif.nypl.org/index.php?id=uuid:617cd250-c869-0139-17ba-0242ac110004",0,"fedora_ingest_rails"
"739a763f-151d-40c1-abb7-4bcb69927f89","https://iiif.nypl.org/index.php?id=uuid:68358410-c86b-0139-7c71-0242ac110002",0,"fedora_ingest_rails"
"8bc4850d-00fc-4221-bda1-1afc4338ab79","https://iiif.nypl.org/index.php?id=uuid:684713c0-c86b-0139-11e2-0242ac110002",0,"fedora_ingest_rails"
"f99856c0-db1d-400a-b1d0-1e4320f6ac3f","https://iiif.nypl.org/index.php?id=uuid:685695b0-c86b-0139-f19b-0242ac110002",0,"fedora_ingest_rails"
"1bd9fd98-aff1-4604-afe3-dd87fe36709f","https://iiif.nypl.org/index.php?id=uuid:68665af0-c86b-0139-4229-0242ac110002",0,"fedora_ingest_rails"
"2a94271d-8d38-4de8-84ce-c916273873c4","https://iiif.nypl.org/index.php?id=uuid:717022a0-c86c-0139-2981-0242ac110004",0,"fedora_ingest_rails"
"9bc46a0a-df75-48e7-af5e-7adbd76ae86a","https://iiif.nypl.org/index.php?id=uuid:717f9830-c86c-0139-cbc8-0242ac110004",0,"fedora_ingest_rails"
"effc597c-f51e-48bf-912d-bd41540fc780","https://iiif.nypl.org/index.php?id=uuid:76801050-c869-0139-1343-0242ac110002",0,"fedora_ingest_rails"
"175df184-b651-42b2-9471-6c7875c1c75a","https://iiif.nypl.org/index.php?id=uuid:76902960-c869-0139-abee-0242ac110002",0,"fedora_ingest_rails"
"35849f4d-d204-43dd-9b4c-17ff6f902701","https://iiif.nypl.org/index.php?id=uuid:76a005a0-c869-0139-b9d0-0242ac110002",0,"fedora_ingest_rails"
"fa1cba61-4b54-4381-b79e-552055a42db6","https://iiif.nypl.org/index.php?id=uuid:76b0c300-c869-0139-3de0-0242ac110002",0,"fedora_ingest_rails"
"f781ef91-fcec-4bd2-bbc0-dcd6f7a61d93","https://iiif.nypl.org/index.php?id=uuid:7caec340-c868-0139-b21e-0242ac110002",0,"fedora_ingest_rails"
"77f800a2-c84a-4886-bf59-c33eb8862ddb","https://iiif.nypl.org/index.php?id=uuid:7cbf0700-c868-0139-fa0a-0242ac110002",0,"fedora_ingest_rails"
"244a4c14-ec1e-456b-b86e-4e595b4bee89","https://iiif.nypl.org/index.php?id=uuid:7ccf0020-c868-0139-b2a0-0242ac110002",0,"fedora_ingest_rails"
"8a690f30-e7e1-4db9-85a6-98fc09a2a33c","https://iiif.nypl.org/index.php?id=uuid:7cde5690-c868-0139-fbb5-0242ac110002",0,"fedora_ingest_rails"
"ad0501eb-81ab-450b-a23e-8ea055a49714","https://iiif.nypl.org/index.php?id=uuid:7cee2220-c868-0139-57c5-0242ac110002",0,"fedora_ingest_rails"
"80cd2c58-9c4f-409f-a16b-028611b07174","https://iiif.nypl.org/index.php?id=uuid:7cfdd3d0-c868-0139-bd68-0242ac110002",0,"fedora_ingest_rails"
"6bb6190f-efe9-4740-ae95-8bf5b5b0999b","https://iiif.nypl.org/index.php?id=uuid:840f0a60-c0b8-0134-8000-00505686a51c",0,"fedora_ingest_rails"
"10e3f00a-f0ef-4eae-990c-f67d698c8dfe","https://iiif.nypl.org/index.php?id=uuid:8a671140-c86c-0139-7ea9-0242ac110002",0,"fedora_ingest_rails"
"d5a89a3c-194d-4bc7-a834-dab3e22f3963","https://iiif.nypl.org/index.php?id=uuid:8a76b650-c86c-0139-a34b-0242ac110002",0,"fedora_ingest_rails"
"a241ee2e-b281-43d9-9717-7de07c7bf8bb","https://iiif.nypl.org/index.php?id=uuid:8a8613a0-c86c-0139-6c3a-0242ac110002",0,"fedora_ingest_rails"
"b1fac770-9ab7-488f-a915-293ccb543d7f","https://iiif.nypl.org/index.php?id=uuid:8a95d210-c86c-0139-3a34-0242ac110002",0,"fedora_ingest_rails"
"deaa64e0-5e53-11dd-90a7-debb9956cd08","https://iiif.nypl.org/index.php?id=uuid:9555ad2a-c870-ed6c-e040-e00a18063d80",0,"fedora_ingest_rails"
"310ced8d-76dc-4eab-9ecc-5e597eb50bbc","https://iiif.nypl.org/index.php?id=uuid:96513600-c868-0139-2743-0242ac110002",0,"fedora_ingest_rails"
"6472fcc4-8445-43c6-833a-f521c37110f7","https://iiif.nypl.org/index.php?id=uuid:9660bae0-c868-0139-98b4-0242ac110002",0,"fedora_ingest_rails"
"365fc865-623e-4e70-af2a-22f238692afa","https://iiif.nypl.org/index.php?id=uuid:96700de0-c868-0139-485b-0242ac110002",0,"fedora_ingest_rails"
"715bc8bb-2bd9-44b8-bb9d-4c301445a88b","https://iiif.nypl.org/index.php?id=uuid:967f6130-c868-0139-dbfb-0242ac110002",0,"fedora_ingest_rails"
"3e7a5741-b615-4cee-b641-e61d374fbead","https://iiif.nypl.org/index.php?id=uuid:985688e0-c86b-0139-eda9-0242ac110004",0,"fedora_ingest_rails"
"4d3920fc-a429-4819-a7be-ce00a993597b","https://iiif.nypl.org/index.php?id=uuid:98667dd0-c86b-0139-5484-0242ac110004",0,"fedora_ingest_rails"
"d3b89e71-336b-4a92-a009-98f5cdfe9629","https://iiif.nypl.org/index.php?id=uuid:98761880-c86b-0139-12b8-0242ac110004",0,"fedora_ingest_rails"
"0487147e-bef4-4314-9fb3-2e62b33e9a39","https://iiif.nypl.org/index.php?id=uuid:9885a790-c86b-0139-c5c2-0242ac110004",0,"fedora_ingest_rails"
"e3d707f6-1cae-4269-bf87-4cf2ae86c7fd","https://iiif.nypl.org/index.php?id=uuid:9d327bc0-c86a-0139-5229-0242ac110002",0,"fedora_ingest_rails"
"adabf98a-6ff0-4a3f-8d93-906f402bffc0","https://iiif.nypl.org/index.php?id=uuid:9d425bc0-c86a-0139-f981-0242ac110002",0,"fedora_ingest_rails"
"abae8e8c-6ba2-42f1-9fca-58dcda90a76c","https://iiif.nypl.org/index.php?id=uuid:9d520d10-c86a-0139-9d57-0242ac110002",0,"fedora_ingest_rails"
"7a276ecc-eef5-4a76-b301-9a54088dee59","https://iiif.nypl.org/index.php?id=uuid:af905f30-c86b-0139-bd2e-0242ac110004",0,"fedora_ingest_rails"
"3817d624-8ec6-4636-ae7d-fb26e8deedee","https://iiif.nypl.org/index.php?id=uuid:afa036e0-c86b-0139-1688-0242ac110004",0,"fedora_ingest_rails"
"e6c743b5-c72c-4198-83dc-a5f702b79822","https://iiif.nypl.org/index.php?id=uuid:afb00340-c86b-0139-bece-0242ac110004",0,"fedora_ingest_rails"
"9c9bacc2-fa8e-4bfe-a8ed-aaa4f0615443","https://iiif.nypl.org/index.php?id=uuid:afc01fb0-c86b-0139-f07c-0242ac110004",0,"fedora_ingest_rails"
"1d55cbe7-fb8c-4e09-91c6-85b1ee7a6247","https://iiif.nypl.org/index.php?id=uuid:b3625670-c869-0139-7295-0242ac110003",0,"fedora_ingest_rails"
"9a51b680-879c-4999-b8f4-c3edaccbe71e","https://iiif.nypl.org/index.php?id=uuid:bb056570-c868-0139-5dca-0242ac110002",0,"fedora_ingest_rails"
"3499b334-ff97-44b4-b8b5-d831a33b23c5","https://iiif.nypl.org/index.php?id=uuid:bb150990-c868-0139-4f88-0242ac110002",0,"fedora_ingest_rails"
"1f0dd612-d079-4d04-9149-b965125d0451","https://iiif.nypl.org/index.php?id=uuid:bb24ff40-c868-0139-3de2-0242ac110002",0,"fedora_ingest_rails"
"496682e2-d859-49fe-9194-d033cc91446d","https://iiif.nypl.org/index.php?id=uuid:bb35cd20-c868-0139-7387-0242ac110002",0,"fedora_ingest_rails"
"765e2191-1a0e-43bd-b7c5-43928cc1bd8a","https://iiif.nypl.org/index.php?id=uuid:bb1dab40-c86a-0139-39e2-0242ac110003",0,"fedora_ingest_rails"
"c8c02a59-469e-4a4a-8b9b-8f7b3f001ccb","https://iiif.nypl.org/index.php?id=uuid:bb2dba60-c86a-0139-172d-0242ac110003",0,"fedora_ingest_rails"
"6321287e-fc14-4abe-9619-6ae28f47b0fe","https://iiif.nypl.org/index.php?id=uuid:bb3df170-c86a-0139-01b1-0242ac110003",0,"fedora_ingest_rails"
"6ce5a9a1-c4a4-460b-991e-a228f288945d","https://iiif.nypl.org/index.php?id=uuid:bb4db460-c86a-0139-023e-0242ac110003",0,"fedora_ingest_rails"
"2178b8a9-5569-4ca0-a2bb-6d3a38ff1182","https://iiif.nypl.org/index.php?id=uuid:d97e2230-c86a-0139-5f19-0242ac110003",0,"fedora_ingest_rails"
"572d9ec8-01ec-49e0-b668-aae824ad6007","https://iiif.nypl.org/index.php?id=uuid:d98da660-c86a-0139-531e-0242ac110003",0,"fedora_ingest_rails"
"474396bd-7d7c-4378-a489-528a4f4e55d5","https://iiif.nypl.org/index.php?id=uuid:d99d4cd0-c86a-0139-65a0-0242ac110003",0,"fedora_ingest_rails"
"85cca94b-2154-4fd5-b4eb-617d8105782d","https://iiif.nypl.org/index.php?id=uuid:d9ad8cf0-c86a-0139-31ed-0242ac110003",0,"fedora_ingest_rails"
"91c7b89d-295e-4244-89b6-8d9d91b0e62a","https://iiif.nypl.org/index.php?id=uuid:e48d7010-c867-0139-afee-0242ac110003",0,"fedora_ingest_rails"
"f7e93ade-bc53-4d58-8530-78f215d08b22","https://iiif.nypl.org/index.php?id=uuid:e4a0bca0-c867-0139-286f-0242ac110003",0,"fedora_ingest_rails"
"b88c0b59-779e-404f-bdbc-3daff56dcfbf","https://iiif.nypl.org/index.php?id=uuid:e4b161f0-c867-0139-8c21-0242ac110003",0,"fedora_ingest_rails"
"b3df3c48-c7cc-4fd6-a31b-44beb0df467a","https://iiif.nypl.org/index.php?id=uuid:e4c14fa0-c867-0139-72e1-0242ac110003",0,"fedora_ingest_rails"
"0823d0d4-53ae-4335-8103-03d00c74ccac","https://iiif.nypl.org/index.php?id=uuid:39f7d8d0-c868-0139-9113-0242ac110004",0,"fedora_ingest_rails"
"9ce33a95-b071-4dea-a132-66730f94933c","https://iiif.nypl.org/index.php?id=uuid:3a076030-c868-0139-cbca-0242ac110004",0,"fedora_ingest_rails"
"8298fa4d-eb9d-4c83-ba70-a098c063389f","https://iiif.nypl.org/index.php?id=uuid:3acef190-c869-0139-89c9-0242ac110004",0,"fedora_ingest_rails"
"dd362eaa-4918-4a6b-b9fb-6c965751899e","https://iiif.nypl.org/index.php?id=uuid:3aded3e0-c869-0139-1e5b-0242ac110004",0,"fedora_ingest_rails"
"3c36261a-81be-4e30-955a-1e2c8ae6840b","https://iiif.nypl.org/index.php?id=uuid:3aee8840-c869-0139-82fb-0242ac110004",0,"fedora_ingest_rails"
"dc6800b6-5979-401a-a775-7f7880222cf7","https://iiif.nypl.org/index.php?id=uuid:3afe4300-c869-0139-fadb-0242ac110004",0,"fedora_ingest_rails"
"6c604f82-6523-4beb-8044-31ab013e692d","https://iiif.nypl.org/index.php?id=uuid:3b7e25a0-c86c-0139-ce2a-0242ac110004",0,"fedora_ingest_rails"
"9212b0c6-e801-446f-adec-38abd6b760c9","https://iiif.nypl.org/index.php?id=uuid:3b8deaa0-c86c-0139-1aa1-0242ac110004",0,"fedora_ingest_rails"
"4ea4067f-4671-4f37-bbaa-0d17466b76e7","https://iiif.nypl.org/index.php?id=uuid:3b9da900-c86c-0139-ed8f-0242ac110004",0,"fedora_ingest_rails"
"84910d19-f491-453a-bf98-39883bd16f3d","https://iiif.nypl.org/index.php?id=uuid:3bad4040-c86c-0139-6352-0242ac110004",0,"fedora_ingest_rails"
"c4bad861-bf2d-488d-ad9b-6969af2331de","https://iiif.nypl.org/index.php?id=uuid:43f29590-c86b-0139-c227-0242ac110004",0,"fedora_ingest_rails"
"c6305552-65bf-4be6-b1cd-bbd46479184b","https://iiif.nypl.org/index.php?id=uuid:44028b40-c86b-0139-c0e0-0242ac110004",0,"fedora_ingest_rails"
"c8e2ac56-5d97-11dd-ac29-f6f79956cd08","https://iiif.nypl.org/index.php?id=uuid:510d47d9-7ac7-a3d9-e040-e00a18064a99",0,"fedora_ingest_rails"
"c7aba338-5d97-11dd-aa44-02f89956cd08","https://iiif.nypl.org/index.php?id=uuid:510d47d9-7ac6-a3d9-e040-e00a18064a99",0,"fedora_ingest_rails"
"cd1f7894-5d97-11dd-b0a0-0df89956cd08","https://iiif.nypl.org/index.php?id=uuid:510d47d9-7ac9-a3d9-e040-e00a18064a99",0,"fedora_ingest_rails"
"413188fe-5d83-11dd-8265-d8f49956cd08","https://iiif.nypl.org/index.php?id=uuid:510d47d9-7cbd-a3d9-e040-e00a18064a99",0,"fedora_ingest_rails"
"c8a79e62-5e60-11dd-8559-77328779b126","https://iiif.nypl.org/index.php?id=uuid:510d47d9-7d0c-a3d9-e040-e00a18064a99",0,"fedora_ingest_rails"
"576b2622-e7a4-4846-a639-186900139329","https://iiif.nypl.org/index.php?id=uuid:d54b35d0-c868-0139-146e-0242ac110002",0,"fedora_ingest_rails"
"5ef8faca-3ad5-451a-a9a5-4ab8f74a757b","https://iiif.nypl.org/index.php?id=uuid:d55b53a0-c868-0139-f08b-0242ac110002",0,"fedora_ingest_rails"
"e40e781b-264d-4e9b-bbe6-bdcbf81c513e","https://iiif.nypl.org/index.php?id=uuid:d56b0080-c868-0139-b90b-0242ac110002",0,"fedora_ingest_rails"
"1c9d6c86-6a97-4dd6-8a5c-08003a8cf0ba","https://iiif.nypl.org/index.php?id=uuid:d57b3210-c868-0139-50bf-0242ac110002",0,"fedora_ingest_rails"
"4807ba70-ad94-4359-92af-2f50cd86d5fb","https://iiif.nypl.org/index.php?id=uuid:d57ed4a0-c86b-0139-ad55-0242ac110004",0,"fedora_ingest_rails"
"d2820f44-c0d5-4d7a-a63e-a8a59cf895a3","https://iiif.nypl.org/index.php?id=uuid:d58ebc90-c86b-0139-7c58-0242ac110004",0,"fedora_ingest_rails"
"afdb88f1-0b48-4210-9f6f-f467319b9286","https://iiif.nypl.org/index.php?id=uuid:d59e4dc0-c86b-0139-bf62-0242ac110004",0,"fedora_ingest_rails"
"300ce5c0-0524-403e-a701-7c91ce57df41","https://iiif.nypl.org/index.php?id=uuid:d5adf3a0-c86b-0139-1f02-0242ac110004",0,"fedora_ingest_rails"
"09a3f441-504f-4d60-a3e8-b112b812166a","https://iiif.nypl.org/index.php?id=uuid:f5a62580-c86a-0139-ff6f-0242ac110003",0,"fedora_ingest_rails"
"45bb9b3f-2998-4f5b-b9ae-2b5b7f700b52","https://iiif.nypl.org/index.php?id=uuid:f5b5dbb0-c86a-0139-fbb1-0242ac110003",0,"fedora_ingest_rails"
"7c37cc96-50ab-4c16-b3e1-4086bf911a72","https://iiif.nypl.org/index.php?id=uuid:f5c571b0-c86a-0139-2eb5-0242ac110003",0,"fedora_ingest_rails"
"5f11da06-581f-495c-b087-674d006c33d5","https://iiif.nypl.org/index.php?id=uuid:f5d53710-c86a-0139-82e0-0242ac110003",0,"fedora_ingest_rails"
"c1bd265b-137f-4bc5-bec9-641163c43697","https://iiif.nypl.org/index.php?id=uuid:fa4d64c0-8166-0137-e12b-15afd887e233",0,"fedora_ingest_rails"
"ca3eb9ed-3e57-45c7-8f74-48606a1d79cd","https://iiif.nypl.org/index.php?id=uuid:fd8880f0-c868-0139-f38a-0242ac110003",0,"fedora_ingest_rails"
"8ae416ea-1ffb-4c39-ac08-afa7153f4f80","https://iiif.nypl.org/index.php?id=uuid:fd97fb30-c868-0139-2afd-0242ac110003",0,"fedora_ingest_rails"
"524890e8-b87c-44ae-a4fa-787c323453ac","https://iiif.nypl.org/index.php?id=uuid:fda7a0d0-c868-0139-5313-0242ac110003",0,"fedora_ingest_rails"
"9630425c-5a89-4976-97c1-283e274e7d5b","https://iiif.nypl.org/index.php?id=uuid:fdb75c60-c868-0139-2f26-0242ac110003",0,"fedora_ingest_rails"
"80c8cf49-4d25-4420-9b18-c12dfa2782ac","https://iiif.nypl.org/index.php?id=uuid:510d47d9-7aeb-a3d9-e040-e00a18064a99",0,"fedora_ingest_rails"
